genome_id	genome_name	seed	PA	color	protein_id
GCF_000893335.1	Streptococcus phage Dp-1	DpdA1	1	#00760e	YP_004306895.1
GCF_000893335.1	Streptococcus phage Dp-1	DpdA2	0	#FFFFFF	
GCF_000893335.1	Streptococcus phage Dp-1	DpdA3	0	#FFFFFF	
GCF_000893335.1	Streptococcus phage Dp-1	DpdA4	0	#FFFFFF	
GCF_000893335.1	Streptococcus phage Dp-1	FolE	1	#0127e1	YP_004306893.1
GCF_000893335.1	Streptococcus phage Dp-1	QueD	1	#016ae1	YP_004306891.1
GCF_000893335.1	Streptococcus phage Dp-1	QueE	1	#018ce1	YP_004306892.1
GCF_000893335.1	Streptococcus phage Dp-1	QueC	1	#01d0e1	YP_004306890.1
GCF_000893335.1	Streptococcus phage Dp-1	QueF	1	#cc0000	YP_004306889.1
GCF_000893335.1	Streptococcus phage Dp-1	Gat-QueC	1	#cc6600	YP_004306890.1
GCF_000893335.1	Streptococcus phage Dp-1	ArcS	0	#FFFFFF	
GCF_000893335.1	Streptococcus phage Dp-1	CDGdC	0	#FFFFFF	
GCF_000893335.1	Streptococcus phage Dp-1	PreQ1-met	0	#FFFFFF	
GCF_000893335.1	Streptococcus phage Dp-1	PreQ1-for	0	#FFFFFF	
GCF_000893335.1	Streptococcus phage Dp-1	YhhQ	0	#FFFFFF	
GCF_002619945.1	Dinoroseobacter phage vB_DshS-R5C	DpdA1	1	#00760e	YP_009600210.1
GCF_002619945.1	Dinoroseobacter phage vB_DshS-R5C	DpdA2	0	#FFFFFF	
GCF_002619945.1	Dinoroseobacter phage vB_DshS-R5C	DpdA3	0	#FFFFFF	
GCF_002619945.1	Dinoroseobacter phage vB_DshS-R5C	DpdA4	0	#FFFFFF	
GCF_002619945.1	Dinoroseobacter phage vB_DshS-R5C	FolE	1	#0127e1	YP_009600207.1
GCF_002619945.1	Dinoroseobacter phage vB_DshS-R5C	QueD	1	#016ae1	YP_009600203.1
GCF_002619945.1	Dinoroseobacter phage vB_DshS-R5C	QueE	1	#018ce1	YP_009600219.1
GCF_002619945.1	Dinoroseobacter phage vB_DshS-R5C	QueC	1	#01d0e1	YP_009600206.1
GCF_002619945.1	Dinoroseobacter phage vB_DshS-R5C	QueF	1	#cc0000	YP_009600208.1
GCF_002619945.1	Dinoroseobacter phage vB_DshS-R5C	Gat-QueC	1	#cc6600	YP_009600206.1
GCF_002619945.1	Dinoroseobacter phage vB_DshS-R5C	ArcS	0	#FFFFFF	
GCF_002619945.1	Dinoroseobacter phage vB_DshS-R5C	CDGdC	0	#FFFFFF	
GCF_002619945.1	Dinoroseobacter phage vB_DshS-R5C	PreQ1-met	0	#FFFFFF	
GCF_002619945.1	Dinoroseobacter phage vB_DshS-R5C	PreQ1-for	0	#FFFFFF	
GCF_002619945.1	Dinoroseobacter phage vB_DshS-R5C	YhhQ	0	#FFFFFF	
GCF_009688685.1	Arthrobacter phage Mufasa8	DpdA1	1	#00760e	YP_009885170.1
GCF_009688685.1	Arthrobacter phage Mufasa8	DpdA2	0	#FFFFFF	
GCF_009688685.1	Arthrobacter phage Mufasa8	DpdA3	0	#FFFFFF	
GCF_009688685.1	Arthrobacter phage Mufasa8	DpdA4	0	#FFFFFF	
GCF_009688685.1	Arthrobacter phage Mufasa8	FolE	1	#0127e1	YP_009885176.1
GCF_009688685.1	Arthrobacter phage Mufasa8	QueD	1	#016ae1	YP_009885174.1
GCF_009688685.1	Arthrobacter phage Mufasa8	QueE	1	#018ce1	YP_009885175.1
GCF_009688685.1	Arthrobacter phage Mufasa8	QueC	1	#01d0e1	YP_009885173.1
GCF_009688685.1	Arthrobacter phage Mufasa8	QueF	1	#cc0000	YP_009885172.1
GCF_009688685.1	Arthrobacter phage Mufasa8	Gat-QueC	1	#cc6600	YP_009885173.1
GCF_009688685.1	Arthrobacter phage Mufasa8	ArcS	0	#FFFFFF	
GCF_009688685.1	Arthrobacter phage Mufasa8	CDGdC	0	#FFFFFF	
GCF_009688685.1	Arthrobacter phage Mufasa8	PreQ1-met	0	#FFFFFF	
GCF_009688685.1	Arthrobacter phage Mufasa8	PreQ1-for	0	#FFFFFF	
GCF_009688685.1	Arthrobacter phage Mufasa8	YhhQ	0	#FFFFFF	
GCF_000955015.2	Vibrio phage VpKK5	DpdA1	1	#00760e	YP_009126591.1
GCF_000955015.2	Vibrio phage VpKK5	DpdA2	0	#FFFFFF	
GCF_000955015.2	Vibrio phage VpKK5	DpdA3	0	#FFFFFF	
GCF_000955015.2	Vibrio phage VpKK5	DpdA4	0	#FFFFFF	
GCF_000955015.2	Vibrio phage VpKK5	FolE	1	#0127e1	YP_009126590.1
GCF_000955015.2	Vibrio phage VpKK5	QueD	1	#016ae1	YP_009126589.1
GCF_000955015.2	Vibrio phage VpKK5	QueE	1	#018ce1	YP_009126587.1
GCF_000955015.2	Vibrio phage VpKK5	QueC	1	#01d0e1	YP_009126588.1
GCF_000955015.2	Vibrio phage VpKK5	QueF	0	#FFFFFF	
GCF_000955015.2	Vibrio phage VpKK5	Gat-QueC	1	#cc6600	YP_009126588.1
GCF_000955015.2	Vibrio phage VpKK5	ArcS	0	#FFFFFF	
GCF_000955015.2	Vibrio phage VpKK5	CDGdC	0	#FFFFFF	
GCF_000955015.2	Vibrio phage VpKK5	PreQ1-met	0	#FFFFFF	
GCF_000955015.2	Vibrio phage VpKK5	PreQ1-for	0	#FFFFFF	
GCF_000955015.2	Vibrio phage VpKK5	YhhQ	1	#000000	YP_009126578.1
GCF_001501655.1	Escherichia phage CAjan	DpdA1	1	#00760e	YP_009196829.1
GCF_001501655.1	Escherichia phage CAjan	DpdA2	0	#FFFFFF	
GCF_001501655.1	Escherichia phage CAjan	DpdA3	0	#FFFFFF	
GCF_001501655.1	Escherichia phage CAjan	DpdA4	0	#FFFFFF	
GCF_001501655.1	Escherichia phage CAjan	FolE	1	#0127e1	YP_009196831.1
GCF_001501655.1	Escherichia phage CAjan	QueD	1	#016ae1	YP_009196832.1
GCF_001501655.1	Escherichia phage CAjan	QueE	1	#018ce1	YP_009196839.1
GCF_001501655.1	Escherichia phage CAjan	QueC	1	#01d0e1	YP_009196836.1
GCF_001501655.1	Escherichia phage CAjan	QueF	0	#FFFFFF	
GCF_001501655.1	Escherichia phage CAjan	Gat-QueC	1	#cc6600	YP_009196836.1
GCF_001501655.1	Escherichia phage CAjan	ArcS	0	#FFFFFF	
GCF_001501655.1	Escherichia phage CAjan	CDGdC	0	#FFFFFF	
GCF_001501655.1	Escherichia phage CAjan	PreQ1-met	0	#FFFFFF	
GCF_001501655.1	Escherichia phage CAjan	PreQ1-for	0	#FFFFFF	
GCF_001501655.1	Escherichia phage CAjan	YhhQ	1	#000000	YP_009196835.1
GCF_001502275.1	Enterobacteria phage 9g	DpdA1	1	#00760e	YP_009201618.1
GCF_001502275.1	Burkholderia phage BcepGomr	DpdA1	1	#00760e	YP_009201618.1
GCF_001502275.1	Escherichia phage slur01	DpdA1	1	#00760e	YP_009201618.1
GCF_001502275.1	Enterobacteria phage 9g	DpdA2	0	#FFFFFF	
GCF_001502275.1	Burkholderia phage BcepGomr	DpdA2	0	#FFFFFF	
GCF_001502275.1	Escherichia phage slur01	DpdA2	0	#FFFFFF	
GCF_001502275.1	Enterobacteria phage 9g	DpdA3	0	#FFFFFF	
GCF_001502275.1	Burkholderia phage BcepGomr	DpdA3	0	#FFFFFF	
GCF_001502275.1	Escherichia phage slur01	DpdA3	0	#FFFFFF	
GCF_001502275.1	Enterobacteria phage 9g	DpdA4	0	#FFFFFF	
GCF_001502275.1	Burkholderia phage BcepGomr	DpdA4	0	#FFFFFF	
GCF_001502275.1	Escherichia phage slur01	DpdA4	0	#FFFFFF	
GCF_001502275.1	Enterobacteria phage 9g	FolE	1	#0127e1	YP_009201620.1
GCF_001502275.1	Burkholderia phage BcepGomr	FolE	1	#0127e1	YP_009201620.1
GCF_001502275.1	Escherichia phage slur01	FolE	1	#0127e1	YP_009201620.1
GCF_001502275.1	Enterobacteria phage 9g	QueD	1	#016ae1	YP_009201621.1
GCF_001502275.1	Burkholderia phage BcepGomr	QueD	1	#016ae1	YP_009201621.1
GCF_001502275.1	Escherichia phage slur01	QueD	1	#016ae1	YP_009201621.1
GCF_001502275.1	Enterobacteria phage 9g	QueE	1	#018ce1	YP_009201628.1
GCF_001502275.1	Burkholderia phage BcepGomr	QueE	1	#018ce1	YP_009201628.1
GCF_001502275.1	Escherichia phage slur01	QueE	1	#018ce1	YP_009201628.1
GCF_001502275.1	Enterobacteria phage 9g	QueC	1	#01d0e1	YP_009201624.1
GCF_001502275.1	Burkholderia phage BcepGomr	QueC	1	#01d0e1	YP_009201624.1
GCF_001502275.1	Escherichia phage slur01	QueC	1	#01d0e1	YP_009201624.1
GCF_001502275.1	Enterobacteria phage 9g	QueF	0	#FFFFFF	
GCF_001502275.1	Burkholderia phage BcepGomr	QueF	0	#FFFFFF	
GCF_001502275.1	Escherichia phage slur01	QueF	0	#FFFFFF	
GCF_001502275.1	Enterobacteria phage 9g	Gat-QueC	1	#cc6600	YP_009201624.1
GCF_001502275.1	Burkholderia phage BcepGomr	Gat-QueC	1	#cc6600	YP_009201624.1
GCF_001502275.1	Escherichia phage slur01	Gat-QueC	1	#cc6600	YP_009201624.1
GCF_001502275.1	Enterobacteria phage 9g	ArcS	0	#FFFFFF	
GCF_001502275.1	Burkholderia phage BcepGomr	ArcS	0	#FFFFFF	
GCF_001502275.1	Escherichia phage slur01	ArcS	0	#FFFFFF	
GCF_001502275.1	Enterobacteria phage 9g	CDGdC	0	#FFFFFF	
GCF_001502275.1	Burkholderia phage BcepGomr	CDGdC	0	#FFFFFF	
GCF_001502275.1	Escherichia phage slur01	CDGdC	0	#FFFFFF	
GCF_001502275.1	Enterobacteria phage 9g	PreQ1-met	0	#FFFFFF	
GCF_001502275.1	Burkholderia phage BcepGomr	PreQ1-met	0	#FFFFFF	
GCF_001502275.1	Escherichia phage slur01	PreQ1-met	0	#FFFFFF	
GCF_001502275.1	Enterobacteria phage 9g	PreQ1-for	0	#FFFFFF	
GCF_001502275.1	Burkholderia phage BcepGomr	PreQ1-for	0	#FFFFFF	
GCF_001502275.1	Escherichia phage slur01	PreQ1-for	0	#FFFFFF	
GCF_001502275.1	Enterobacteria phage 9g	YhhQ	1	#000000	YP_009201623.1
GCF_001502275.1	Burkholderia phage BcepGomr	YhhQ	1	#000000	YP_009201623.1
GCF_001502275.1	Escherichia phage slur01	YhhQ	1	#000000	YP_009201623.1
GCF_002149205.1	Escherichia phage Seurat	DpdA1	1	#00760e	YP_009151977.1
GCF_002149205.1	Escherichia phage Seurat	DpdA2	0	#FFFFFF	
GCF_002149205.1	Escherichia phage Seurat	DpdA3	0	#FFFFFF	
GCF_002149205.1	Escherichia phage Seurat	DpdA4	0	#FFFFFF	
GCF_002149205.1	Escherichia phage Seurat	FolE	1	#0127e1	YP_009151979.1
GCF_002149205.1	Escherichia phage Seurat	QueD	1	#016ae1	YP_009151980.1
GCF_002149205.1	Escherichia phage Seurat	QueE	1	#018ce1	YP_009151987.1
GCF_002149205.1	Escherichia phage Seurat	QueC	1	#01d0e1	YP_009151983.1
GCF_002149205.1	Escherichia phage Seurat	QueF	0	#FFFFFF	
GCF_002149205.1	Escherichia phage Seurat	Gat-QueC	1	#cc6600	YP_009151983.1
GCF_002149205.1	Escherichia phage Seurat	ArcS	0	#FFFFFF	
GCF_002149205.1	Escherichia phage Seurat	CDGdC	0	#FFFFFF	
GCF_002149205.1	Escherichia phage Seurat	PreQ1-met	0	#FFFFFF	
GCF_002149205.1	Escherichia phage Seurat	PreQ1-for	0	#FFFFFF	
GCF_002149205.1	Escherichia phage Seurat	YhhQ	1	#000000	YP_009151982.1
GCF_000842345.1	Mycobacterium phage Rosebush	DpdA1	1	#00760e	NP_817763.1
GCF_000842345.1	Mycobacterium phage Rosebush	DpdA2	0	#FFFFFF	
GCF_000842345.1	Mycobacterium phage Rosebush	DpdA3	0	#FFFFFF	
GCF_000842345.1	Mycobacterium phage Rosebush	DpdA4	0	#FFFFFF	
GCF_000842345.1	Mycobacterium phage Rosebush	FolE	1	#0127e1	NP_817767.1
GCF_000842345.1	Mycobacterium phage Rosebush	QueD	1	#016ae1	NP_817765.1
GCF_000842345.1	Mycobacterium phage Rosebush	QueE	1	#018ce1	NP_817766.1
GCF_000842345.1	Mycobacterium phage Rosebush	QueC	1	#01d0e1	NP_817764.1
GCF_000842345.1	Mycobacterium phage Rosebush	QueF	0	#FFFFFF	
GCF_000842345.1	Mycobacterium phage Rosebush	Gat-QueC	1	#cc6600	NP_817764.1
GCF_000842345.1	Mycobacterium phage Rosebush	ArcS	0	#FFFFFF	
GCF_000842345.1	Mycobacterium phage Rosebush	CDGdC	0	#FFFFFF	
GCF_000842345.1	Mycobacterium phage Rosebush	PreQ1-met	0	#FFFFFF	
GCF_000842345.1	Mycobacterium phage Rosebush	PreQ1-for	0	#FFFFFF	
GCF_000842345.1	Mycobacterium phage Rosebush	YhhQ	0	#FFFFFF	
GCF_000867445.1	Mycobacterium phage Qyrzula	DpdA1	1	#00760e	YP_655682.1
GCF_000867445.1	Mycobacterium phage Qyrzula	DpdA2	0	#FFFFFF	
GCF_000867445.1	Mycobacterium phage Qyrzula	DpdA3	0	#FFFFFF	
GCF_000867445.1	Mycobacterium phage Qyrzula	DpdA4	0	#FFFFFF	
GCF_000867445.1	Mycobacterium phage Qyrzula	FolE	1	#0127e1	YP_655686.1
GCF_000867445.1	Mycobacterium phage Qyrzula	QueD	1	#016ae1	YP_655684.1
GCF_000867445.1	Mycobacterium phage Qyrzula	QueE	1	#018ce1	YP_655685.1
GCF_000867445.1	Mycobacterium phage Qyrzula	QueC	1	#01d0e1	YP_655683.1
GCF_000867445.1	Mycobacterium phage Qyrzula	QueF	0	#FFFFFF	
GCF_000867445.1	Mycobacterium phage Qyrzula	Gat-QueC	1	#cc6600	YP_655683.1
GCF_000867445.1	Mycobacterium phage Qyrzula	ArcS	0	#FFFFFF	
GCF_000867445.1	Mycobacterium phage Qyrzula	CDGdC	0	#FFFFFF	
GCF_000867445.1	Mycobacterium phage Qyrzula	PreQ1-met	0	#FFFFFF	
GCF_000867445.1	Mycobacterium phage Qyrzula	PreQ1-for	0	#FFFFFF	
GCF_000867445.1	Mycobacterium phage Qyrzula	YhhQ	0	#FFFFFF	
GCF_000873805.1	Burkholderia phage BcepGomr	DpdA1	1	#00760e	YP_001210251.1
GCF_000873805.1	Burkholderia phage BcepGomr	DpdA2	0	#FFFFFF	
GCF_000873805.1	Burkholderia phage BcepGomr	DpdA3	0	#FFFFFF	
GCF_000873805.1	Burkholderia phage BcepGomr	DpdA4	0	#FFFFFF	
GCF_000873805.1	Burkholderia phage BcepGomr	FolE	1	#0127e1	YP_001210253.1
GCF_000873805.1	Burkholderia phage BcepGomr	QueD	1	#016ae1	YP_001210254.1
GCF_000873805.1	Burkholderia phage BcepGomr	QueE	1	#018ce1	YP_001210257.1
GCF_000873805.1	Burkholderia phage BcepGomr	QueC	1	#01d0e1	YP_001210255.1
GCF_000873805.1	Burkholderia phage BcepGomr	QueF	0	#FFFFFF	
GCF_000873805.1	Burkholderia phage BcepGomr	Gat-QueC	1	#cc6600	YP_001210255.1
GCF_000873805.1	Burkholderia phage BcepGomr	ArcS	0	#FFFFFF	
GCF_000873805.1	Burkholderia phage BcepGomr	CDGdC	0	#FFFFFF	
GCF_000873805.1	Burkholderia phage BcepGomr	PreQ1-met	0	#FFFFFF	
GCF_000873805.1	Burkholderia phage BcepGomr	PreQ1-for	0	#FFFFFF	
GCF_000873805.1	Burkholderia phage BcepGomr	YhhQ	0	#FFFFFF	
GCF_000920815.1	Enterobacteria phage 9g	DpdA1	1	#00760e	YP_009032326.1
GCF_000920815.1	Enterobacteria phage 9g	DpdA2	0	#FFFFFF	
GCF_000920815.1	Enterobacteria phage 9g	DpdA3	0	#FFFFFF	
GCF_000920815.1	Enterobacteria phage 9g	DpdA4	0	#FFFFFF	
GCF_000920815.1	Enterobacteria phage 9g	FolE	1	#0127e1	YP_009032327.1
GCF_000920815.1	Enterobacteria phage 9g	QueD	1	#016ae1	YP_009032328.1
GCF_000920815.1	Enterobacteria phage 9g	QueE	1	#018ce1	YP_009032331.1
GCF_000920815.1	Enterobacteria phage 9g	QueC	1	#01d0e1	YP_009032329.1
GCF_000920815.1	Enterobacteria phage 9g	QueF	0	#FFFFFF	
GCF_000920815.1	Enterobacteria phage 9g	Gat-QueC	1	#cc6600	YP_009032329.1
GCF_000920815.1	Enterobacteria phage 9g	ArcS	0	#FFFFFF	
GCF_000920815.1	Enterobacteria phage 9g	CDGdC	0	#FFFFFF	
GCF_000920815.1	Enterobacteria phage 9g	PreQ1-met	0	#FFFFFF	
GCF_000920815.1	Enterobacteria phage 9g	PreQ1-for	0	#FFFFFF	
GCF_000920815.1	Enterobacteria phage 9g	YhhQ	0	#FFFFFF	
GCF_001503035.1	Enterobacteria phage JenP1	DpdA1	1	#00760e	YP_009220002.1
GCF_001503035.1	Enterobacteria phage JenP1	DpdA2	0	#FFFFFF	
GCF_001503035.1	Enterobacteria phage JenP1	DpdA3	0	#FFFFFF	
GCF_001503035.1	Enterobacteria phage JenP1	DpdA4	0	#FFFFFF	
GCF_001503035.1	Enterobacteria phage JenP1	FolE	1	#0127e1	YP_009220004.1
GCF_001503035.1	Enterobacteria phage JenP1	QueD	1	#016ae1	YP_009220005.1
GCF_001503035.1	Enterobacteria phage JenP1	QueE	1	#018ce1	YP_009220008.1
GCF_001503035.1	Enterobacteria phage JenP1	QueC	1	#01d0e1	YP_009220006.1
GCF_001503035.1	Enterobacteria phage JenP1	QueF	0	#FFFFFF	
GCF_001503035.1	Enterobacteria phage JenP1	Gat-QueC	1	#cc6600	YP_009220006.1
GCF_001503035.1	Enterobacteria phage JenP1	ArcS	0	#FFFFFF	
GCF_001503035.1	Enterobacteria phage JenP1	CDGdC	0	#FFFFFF	
GCF_001503035.1	Enterobacteria phage JenP1	PreQ1-met	0	#FFFFFF	
GCF_001503035.1	Enterobacteria phage JenP1	PreQ1-for	0	#FFFFFF	
GCF_001503035.1	Enterobacteria phage JenP1	YhhQ	0	#FFFFFF	
GCF_001503835.1	Enterobacteria phage JenK1	DpdA1	1	#00760e	YP_009219311.1
GCF_001503835.1	Enterobacteria phage JenK1	DpdA2	0	#FFFFFF	
GCF_001503835.1	Enterobacteria phage JenK1	DpdA3	0	#FFFFFF	
GCF_001503835.1	Enterobacteria phage JenK1	DpdA4	0	#FFFFFF	
GCF_001503835.1	Enterobacteria phage JenK1	FolE	1	#0127e1	YP_009219312.1
GCF_001503835.1	Enterobacteria phage JenK1	QueD	1	#016ae1	YP_009219313.1
GCF_001503835.1	Enterobacteria phage JenK1	QueE	1	#018ce1	YP_009219316.1
GCF_001503835.1	Enterobacteria phage JenK1	QueC	1	#01d0e1	YP_009219314.1
GCF_001503835.1	Enterobacteria phage JenK1	QueF	0	#FFFFFF	
GCF_001503835.1	Enterobacteria phage JenK1	Gat-QueC	1	#cc6600	YP_009219314.1
GCF_001503835.1	Enterobacteria phage JenK1	ArcS	0	#FFFFFF	
GCF_001503835.1	Enterobacteria phage JenK1	CDGdC	0	#FFFFFF	
GCF_001503835.1	Enterobacteria phage JenK1	PreQ1-met	0	#FFFFFF	
GCF_001503835.1	Enterobacteria phage JenK1	PreQ1-for	0	#FFFFFF	
GCF_001503835.1	Enterobacteria phage JenK1	YhhQ	0	#FFFFFF	
GCF_001504635.1	Enterobacteria phage JenP2	DpdA1	1	#00760e	YP_009216970.1
GCF_001504635.1	Enterobacteria phage JenP2	DpdA2	0	#FFFFFF	
GCF_001504635.1	Enterobacteria phage JenP2	DpdA3	0	#FFFFFF	
GCF_001504635.1	Enterobacteria phage JenP2	DpdA4	0	#FFFFFF	
GCF_001504635.1	Enterobacteria phage JenP2	FolE	1	#0127e1	YP_009216971.1
GCF_001504635.1	Enterobacteria phage JenP2	QueD	1	#016ae1	YP_009216972.1
GCF_001504635.1	Enterobacteria phage JenP2	QueE	1	#018ce1	YP_009216975.1
GCF_001504635.1	Enterobacteria phage JenP2	QueC	1	#01d0e1	YP_009216973.1
GCF_001504635.1	Enterobacteria phage JenP2	QueF	0	#FFFFFF	
GCF_001504635.1	Enterobacteria phage JenP2	Gat-QueC	1	#cc6600	YP_009216973.1
GCF_001504635.1	Enterobacteria phage JenP2	ArcS	0	#FFFFFF	
GCF_001504635.1	Enterobacteria phage JenP2	CDGdC	0	#FFFFFF	
GCF_001504635.1	Enterobacteria phage JenP2	PreQ1-met	0	#FFFFFF	
GCF_001504635.1	Enterobacteria phage JenP2	PreQ1-for	0	#FFFFFF	
GCF_001504635.1	Enterobacteria phage JenP2	YhhQ	0	#FFFFFF	
GCF_001744715.1	Pseudomonas phage NP1	DpdA1	1	#00760e	YP_009285845.1
GCF_001744715.1	Pseudomonas phage NP1	DpdA2	0	#FFFFFF	
GCF_001744715.1	Pseudomonas phage NP1	DpdA3	0	#FFFFFF	
GCF_001744715.1	Pseudomonas phage NP1	DpdA4	0	#FFFFFF	
GCF_001744715.1	Pseudomonas phage NP1	FolE	1	#0127e1	YP_009285847.1
GCF_001744715.1	Pseudomonas phage NP1	QueD	1	#016ae1	YP_009285848.1
GCF_001744715.1	Pseudomonas phage NP1	QueE	1	#018ce1	YP_009285850.1
GCF_001744715.1	Pseudomonas phage NP1	QueC	1	#01d0e1	YP_009285849.1
GCF_001744715.1	Pseudomonas phage NP1	QueF	0	#FFFFFF	
GCF_001744715.1	Pseudomonas phage NP1	Gat-QueC	1	#cc6600	YP_009285849.1
GCF_001744715.1	Pseudomonas phage NP1	ArcS	0	#FFFFFF	
GCF_001744715.1	Pseudomonas phage NP1	CDGdC	0	#FFFFFF	
GCF_001744715.1	Pseudomonas phage NP1	PreQ1-met	0	#FFFFFF	
GCF_001744715.1	Pseudomonas phage NP1	PreQ1-for	0	#FFFFFF	
GCF_001744715.1	Pseudomonas phage NP1	YhhQ	0	#FFFFFF	
GCF_002623005.1	Pseudomonas phage PaMx25	DpdA1	1	#00760e	YP_009603585.1
GCF_002623005.1	Pseudomonas phage PaMx25	DpdA2	0	#FFFFFF	
GCF_002623005.1	Pseudomonas phage PaMx25	DpdA3	0	#FFFFFF	
GCF_002623005.1	Pseudomonas phage PaMx25	DpdA4	0	#FFFFFF	
GCF_002623005.1	Pseudomonas phage PaMx25	FolE	1	#0127e1	YP_009603587.1
GCF_002623005.1	Pseudomonas phage PaMx25	QueD	1	#016ae1	YP_009603589.1
GCF_002623005.1	Pseudomonas phage PaMx25	QueE	1	#018ce1	YP_009603591.1
GCF_002623005.1	Pseudomonas phage PaMx25	QueC	1	#01d0e1	YP_009603590.1
GCF_002623005.1	Pseudomonas phage PaMx25	QueF	0	#FFFFFF	
GCF_002623005.1	Pseudomonas phage PaMx25	Gat-QueC	1	#cc6600	YP_009603590.1
GCF_002623005.1	Pseudomonas phage PaMx25	ArcS	0	#FFFFFF	
GCF_002623005.1	Pseudomonas phage PaMx25	CDGdC	0	#FFFFFF	
GCF_002623005.1	Pseudomonas phage PaMx25	PreQ1-met	0	#FFFFFF	
GCF_002623005.1	Pseudomonas phage PaMx25	PreQ1-for	0	#FFFFFF	
GCF_002623005.1	Pseudomonas phage PaMx25	YhhQ	0	#FFFFFF	
GCF_002624685.1	Mycobacterium virus TA17a	DpdA1	1	#00760e	YP_009667156.1
GCF_002624685.1	Mycobacterium virus TA17a	DpdA2	0	#FFFFFF	
GCF_002624685.1	Mycobacterium virus TA17a	DpdA3	0	#FFFFFF	
GCF_002624685.1	Mycobacterium virus TA17a	DpdA4	0	#FFFFFF	
GCF_002624685.1	Mycobacterium virus TA17a	FolE	1	#0127e1	YP_009667160.1
GCF_002624685.1	Mycobacterium virus TA17a	QueD	1	#016ae1	YP_009667158.1
GCF_002624685.1	Mycobacterium virus TA17a	QueE	1	#018ce1	YP_009667159.1
GCF_002624685.1	Mycobacterium virus TA17a	QueC	1	#01d0e1	YP_009667157.1
GCF_002624685.1	Mycobacterium virus TA17a	QueF	0	#FFFFFF	
GCF_002624685.1	Mycobacterium virus TA17a	Gat-QueC	1	#cc6600	YP_009667157.1
GCF_002624685.1	Mycobacterium virus TA17a	ArcS	0	#FFFFFF	
GCF_002624685.1	Mycobacterium virus TA17a	CDGdC	0	#FFFFFF	
GCF_002624685.1	Mycobacterium virus TA17a	PreQ1-met	0	#FFFFFF	
GCF_002624685.1	Mycobacterium virus TA17a	PreQ1-for	0	#FFFFFF	
GCF_002624685.1	Mycobacterium virus TA17a	YhhQ	0	#FFFFFF	
GCF_002629925.1	Salmonella phage SE1 (in:Nonagvirus)	DpdA1	1	#00760e	YP_009613613.1
GCF_002629925.1	Salmonella phage SE1 (in:Nonagvirus)	DpdA2	0	#FFFFFF	
GCF_002629925.1	Salmonella phage SE1 (in:Nonagvirus)	DpdA3	0	#FFFFFF	
GCF_002629925.1	Salmonella phage SE1 (in:Nonagvirus)	DpdA4	0	#FFFFFF	
GCF_002629925.1	Salmonella phage SE1 (in:Nonagvirus)	FolE	1	#0127e1	YP_009613611.1
GCF_002629925.1	Salmonella phage SE1 (in:Nonagvirus)	QueD	1	#016ae1	YP_009613610.1
GCF_002629925.1	Salmonella phage SE1 (in:Nonagvirus)	QueE	1	#018ce1	YP_009613607.1
GCF_002629925.1	Salmonella phage SE1 (in:Nonagvirus)	QueC	1	#01d0e1	YP_009613609.1
GCF_002629925.1	Salmonella phage SE1 (in:Nonagvirus)	QueF	0	#FFFFFF	
GCF_002629925.1	Salmonella phage SE1 (in:Nonagvirus)	Gat-QueC	1	#cc6600	YP_009613609.1
GCF_002629925.1	Salmonella phage SE1 (in:Nonagvirus)	ArcS	0	#FFFFFF	
GCF_002629925.1	Salmonella phage SE1 (in:Nonagvirus)	CDGdC	0	#FFFFFF	
GCF_002629925.1	Salmonella phage SE1 (in:Nonagvirus)	PreQ1-met	0	#FFFFFF	
GCF_002629925.1	Salmonella phage SE1 (in:Nonagvirus)	PreQ1-for	0	#FFFFFF	
GCF_002629925.1	Salmonella phage SE1 (in:Nonagvirus)	YhhQ	0	#FFFFFF	
GCF_002756695.1	Mycobacterium phage Godines	DpdA1	1	#00760e	YP_009616336.1
GCF_002756695.1	Mycobacterium phage Godines	DpdA2	0	#FFFFFF	
GCF_002756695.1	Mycobacterium phage Godines	DpdA3	0	#FFFFFF	
GCF_002756695.1	Mycobacterium phage Godines	DpdA4	0	#FFFFFF	
GCF_002756695.1	Mycobacterium phage Godines	FolE	1	#0127e1	YP_009616340.1
GCF_002756695.1	Mycobacterium phage Godines	QueD	1	#016ae1	YP_009616338.1
GCF_002756695.1	Mycobacterium phage Godines	QueE	1	#018ce1	YP_009616339.1
GCF_002756695.1	Mycobacterium phage Godines	QueC	1	#01d0e1	YP_009616337.1
GCF_002756695.1	Mycobacterium phage Godines	QueF	0	#FFFFFF	
GCF_002756695.1	Mycobacterium phage Godines	Gat-QueC	1	#cc6600	YP_009616337.1
GCF_002756695.1	Mycobacterium phage Godines	ArcS	0	#FFFFFF	
GCF_002756695.1	Mycobacterium phage Godines	CDGdC	0	#FFFFFF	
GCF_002756695.1	Mycobacterium phage Godines	PreQ1-met	0	#FFFFFF	
GCF_002756695.1	Mycobacterium phage Godines	PreQ1-for	0	#FFFFFF	
GCF_002756695.1	Mycobacterium phage Godines	YhhQ	0	#FFFFFF	
GCF_002757915.1	Mycobacterium phage Laurie	DpdA1	1	#00760e	YP_010012370.1
GCF_002757915.1	Mycobacterium phage Laurie	DpdA2	0	#FFFFFF	
GCF_002757915.1	Mycobacterium phage Laurie	DpdA3	0	#FFFFFF	
GCF_002757915.1	Mycobacterium phage Laurie	DpdA4	0	#FFFFFF	
GCF_002757915.1	Mycobacterium phage Laurie	FolE	1	#0127e1	YP_010012374.1
GCF_002757915.1	Mycobacterium phage Laurie	QueD	1	#016ae1	YP_010012372.1
GCF_002757915.1	Mycobacterium phage Laurie	QueE	1	#018ce1	YP_010012373.1
GCF_002757915.1	Mycobacterium phage Laurie	QueC	1	#01d0e1	YP_010012371.1
GCF_002757915.1	Mycobacterium phage Laurie	QueF	0	#FFFFFF	
GCF_002757915.1	Mycobacterium phage Laurie	Gat-QueC	1	#cc6600	YP_010012371.1
GCF_002757915.1	Mycobacterium phage Laurie	ArcS	0	#FFFFFF	
GCF_002757915.1	Mycobacterium phage Laurie	CDGdC	0	#FFFFFF	
GCF_002757915.1	Mycobacterium phage Laurie	PreQ1-met	0	#FFFFFF	
GCF_002757915.1	Mycobacterium phage Laurie	PreQ1-for	0	#FFFFFF	
GCF_002757915.1	Mycobacterium phage Laurie	YhhQ	0	#FFFFFF	
GCF_002997835.1	Pantoea phage vB_PagS_Vid5	DpdA1	1	#00760e	YP_009624348.1
GCF_002997835.1	Pantoea phage vB_PagS_Vid5	DpdA2	0	#FFFFFF	
GCF_002997835.1	Pantoea phage vB_PagS_Vid5	DpdA3	0	#FFFFFF	
GCF_002997835.1	Pantoea phage vB_PagS_Vid5	DpdA4	0	#FFFFFF	
GCF_002997835.1	Pantoea phage vB_PagS_Vid5	FolE	1	#0127e1	YP_009624349.1
GCF_002997835.1	Pantoea phage vB_PagS_Vid5	QueD	1	#016ae1	YP_009624350.1
GCF_002997835.1	Pantoea phage vB_PagS_Vid5	QueE	1	#018ce1	YP_009624354.1
GCF_002997835.1	Pantoea phage vB_PagS_Vid5	QueC	1	#01d0e1	YP_009624352.1
GCF_002997835.1	Pantoea phage vB_PagS_Vid5	QueF	0	#FFFFFF	
GCF_002997835.1	Pantoea phage vB_PagS_Vid5	Gat-QueC	1	#cc6600	YP_009624352.1
GCF_002997835.1	Pantoea phage vB_PagS_Vid5	ArcS	0	#FFFFFF	
GCF_002997835.1	Pantoea phage vB_PagS_Vid5	CDGdC	0	#FFFFFF	
GCF_002997835.1	Pantoea phage vB_PagS_Vid5	PreQ1-met	0	#FFFFFF	
GCF_002997835.1	Pantoea phage vB_PagS_Vid5	PreQ1-for	0	#FFFFFF	
GCF_002997835.1	Pantoea phage vB_PagS_Vid5	YhhQ	0	#FFFFFF	
GCF_003183085.1	Gordonia phage Sour	DpdA1	1	#00760e	YP_009625573.1
GCF_003183085.1	Gordonia phage Sour	DpdA2	0	#FFFFFF	
GCF_003183085.1	Gordonia phage Sour	DpdA3	0	#FFFFFF	
GCF_003183085.1	Gordonia phage Sour	DpdA4	0	#FFFFFF	
GCF_003183085.1	Gordonia phage Sour	FolE	1	#0127e1	YP_009625578.1
GCF_003183085.1	Gordonia phage Sour	QueD	1	#016ae1	YP_009625575.1
GCF_003183085.1	Gordonia phage Sour	QueE	1	#018ce1	YP_009625577.1
GCF_003183085.1	Gordonia phage Sour	QueC	1	#01d0e1	YP_009625574.1
GCF_003183085.1	Gordonia phage Sour	QueF	0	#FFFFFF	
GCF_003183085.1	Gordonia phage Sour	Gat-QueC	1	#cc6600	YP_009625574.1
GCF_003183085.1	Gordonia phage Sour	ArcS	0	#FFFFFF	
GCF_003183085.1	Gordonia phage Sour	CDGdC	0	#FFFFFF	
GCF_003183085.1	Gordonia phage Sour	PreQ1-met	0	#FFFFFF	
GCF_003183085.1	Gordonia phage Sour	PreQ1-for	0	#FFFFFF	
GCF_003183085.1	Gordonia phage Sour	YhhQ	0	#FFFFFF	
GCF_003613875.1	Mycobacterium phage Saguaro	DpdA1	1	#00760e	YP_009949665.1
GCF_003613875.1	Mycobacterium phage Saguaro	DpdA2	0	#FFFFFF	
GCF_003613875.1	Mycobacterium phage Saguaro	DpdA3	0	#FFFFFF	
GCF_003613875.1	Mycobacterium phage Saguaro	DpdA4	0	#FFFFFF	
GCF_003613875.1	Mycobacterium phage Saguaro	FolE	1	#0127e1	YP_009949669.1
GCF_003613875.1	Mycobacterium phage Saguaro	QueD	1	#016ae1	YP_009949667.1
GCF_003613875.1	Mycobacterium phage Saguaro	QueE	1	#018ce1	YP_009949668.1
GCF_003613875.1	Mycobacterium phage Saguaro	QueC	1	#01d0e1	YP_009949666.1
GCF_003613875.1	Mycobacterium phage Saguaro	QueF	0	#FFFFFF	
GCF_003613875.1	Mycobacterium phage Saguaro	Gat-QueC	1	#cc6600	YP_009949666.1
GCF_003613875.1	Mycobacterium phage Saguaro	ArcS	0	#FFFFFF	
GCF_003613875.1	Mycobacterium phage Saguaro	CDGdC	0	#FFFFFF	
GCF_003613875.1	Mycobacterium phage Saguaro	PreQ1-met	0	#FFFFFF	
GCF_003613875.1	Mycobacterium phage Saguaro	PreQ1-for	0	#FFFFFF	
GCF_003613875.1	Mycobacterium phage Saguaro	YhhQ	0	#FFFFFF	
GCF_004147225.1	Arthrobacter phage Sonali	DpdA1	1	#00760e	YP_009819760.1
GCF_004147225.1	Arthrobacter phage Sonali	DpdA2	0	#FFFFFF	
GCF_004147225.1	Arthrobacter phage Sonali	DpdA3	0	#FFFFFF	
GCF_004147225.1	Arthrobacter phage Sonali	DpdA4	0	#FFFFFF	
GCF_004147225.1	Arthrobacter phage Sonali	FolE	1	#0127e1	YP_009819764.1
GCF_004147225.1	Arthrobacter phage Sonali	QueD	1	#016ae1	YP_009819762.1
GCF_004147225.1	Arthrobacter phage Sonali	QueE	1	#018ce1	YP_009819763.1
GCF_004147225.1	Arthrobacter phage Sonali	QueC	1	#01d0e1	YP_009819761.1
GCF_004147225.1	Arthrobacter phage Sonali	QueF	0	#FFFFFF	
GCF_004147225.1	Arthrobacter phage Sonali	Gat-QueC	1	#cc6600	YP_009819761.1
GCF_004147225.1	Arthrobacter phage Sonali	ArcS	0	#FFFFFF	
GCF_004147225.1	Arthrobacter phage Sonali	CDGdC	0	#FFFFFF	
GCF_004147225.1	Arthrobacter phage Sonali	PreQ1-met	0	#FFFFFF	
GCF_004147225.1	Arthrobacter phage Sonali	PreQ1-for	0	#FFFFFF	
GCF_004147225.1	Arthrobacter phage Sonali	YhhQ	0	#FFFFFF	
GCF_004338005.1	Mycobacterium phage CRB2	DpdA1	1	#00760e	YP_009949856.1
GCF_004338005.1	Mycobacterium phage CRB2	DpdA2	0	#FFFFFF	
GCF_004338005.1	Mycobacterium phage CRB2	DpdA3	0	#FFFFFF	
GCF_004338005.1	Mycobacterium phage CRB2	DpdA4	0	#FFFFFF	
GCF_004338005.1	Mycobacterium phage CRB2	FolE	1	#0127e1	YP_009949860.1
GCF_004338005.1	Mycobacterium phage CRB2	QueD	1	#016ae1	YP_009949858.1
GCF_004338005.1	Mycobacterium phage CRB2	QueE	1	#018ce1	YP_009949859.1
GCF_004338005.1	Mycobacterium phage CRB2	QueC	1	#01d0e1	YP_009949857.1
GCF_004338005.1	Mycobacterium phage CRB2	QueF	0	#FFFFFF	
GCF_004338005.1	Mycobacterium phage CRB2	Gat-QueC	1	#cc6600	YP_009949857.1
GCF_004338005.1	Mycobacterium phage CRB2	ArcS	0	#FFFFFF	
GCF_004338005.1	Mycobacterium phage CRB2	CDGdC	0	#FFFFFF	
GCF_004338005.1	Mycobacterium phage CRB2	PreQ1-met	0	#FFFFFF	
GCF_004338005.1	Mycobacterium phage CRB2	PreQ1-for	0	#FFFFFF	
GCF_004338005.1	Mycobacterium phage CRB2	YhhQ	0	#FFFFFF	
GCF_009673525.1	Mycobacterium phage Quesadilla	DpdA1	1	#00760e	YP_009949758.1
GCF_009673525.1	Mycobacterium phage Quesadilla	DpdA2	0	#FFFFFF	
GCF_009673525.1	Mycobacterium phage Quesadilla	DpdA3	0	#FFFFFF	
GCF_009673525.1	Mycobacterium phage Quesadilla	DpdA4	0	#FFFFFF	
GCF_009673525.1	Mycobacterium phage Quesadilla	FolE	1	#0127e1	YP_009949762.1
GCF_009673525.1	Mycobacterium phage Quesadilla	QueD	1	#016ae1	YP_009949760.1
GCF_009673525.1	Mycobacterium phage Quesadilla	QueE	1	#018ce1	YP_009949761.1
GCF_009673525.1	Mycobacterium phage Quesadilla	QueC	1	#01d0e1	YP_009949759.1
GCF_009673525.1	Mycobacterium phage Quesadilla	QueF	0	#FFFFFF	
GCF_009673525.1	Mycobacterium phage Quesadilla	Gat-QueC	1	#cc6600	YP_009949759.1
GCF_009673525.1	Mycobacterium phage Quesadilla	ArcS	0	#FFFFFF	
GCF_009673525.1	Mycobacterium phage Quesadilla	CDGdC	0	#FFFFFF	
GCF_009673525.1	Mycobacterium phage Quesadilla	PreQ1-met	0	#FFFFFF	
GCF_009673525.1	Mycobacterium phage Quesadilla	PreQ1-for	0	#FFFFFF	
GCF_009673525.1	Mycobacterium phage Quesadilla	YhhQ	0	#FFFFFF	
GCF_013215495.1	Alteromonas phage vB_AcoS-R7M	DpdA1	1	#00760e	YP_009859594.1
GCF_013215495.1	Alteromonas phage vB_AcoS-R7M	DpdA2	0	#FFFFFF	
GCF_013215495.1	Alteromonas phage vB_AcoS-R7M	DpdA3	0	#FFFFFF	
GCF_013215495.1	Alteromonas phage vB_AcoS-R7M	DpdA4	0	#FFFFFF	
GCF_013215495.1	Alteromonas phage vB_AcoS-R7M	FolE	1	#0127e1	YP_009859595.1
GCF_013215495.1	Alteromonas phage vB_AcoS-R7M	QueD	1	#016ae1	YP_009859596.1
GCF_013215495.1	Alteromonas phage vB_AcoS-R7M	QueE	1	#018ce1	YP_009859598.1
GCF_013215495.1	Alteromonas phage vB_AcoS-R7M	QueC	1	#01d0e1	YP_009859597.1
GCF_013215495.1	Alteromonas phage vB_AcoS-R7M	QueF	0	#FFFFFF	
GCF_013215495.1	Alteromonas phage vB_AcoS-R7M	Gat-QueC	1	#cc6600	YP_009859597.1
GCF_013215495.1	Alteromonas phage vB_AcoS-R7M	ArcS	0	#FFFFFF	
GCF_013215495.1	Alteromonas phage vB_AcoS-R7M	CDGdC	0	#FFFFFF	
GCF_013215495.1	Alteromonas phage vB_AcoS-R7M	PreQ1-met	0	#FFFFFF	
GCF_013215495.1	Alteromonas phage vB_AcoS-R7M	PreQ1-for	0	#FFFFFF	
GCF_013215495.1	Alteromonas phage vB_AcoS-R7M	YhhQ	0	#FFFFFF	
GCF_001754405.1	Mycobacterium phage Bipper	DpdA1	1	#00760e	YP_009303151.1
GCF_001754405.1	Mycobacterium phage Bipper	DpdA2	0	#FFFFFF	
GCF_001754405.1	Mycobacterium phage Bipper	DpdA3	0	#FFFFFF	
GCF_001754405.1	Mycobacterium phage Bipper	DpdA4	0	#FFFFFF	
GCF_001754405.1	Mycobacterium phage Bipper	FolE	1	#0127e1	YP_009303155.1
GCF_001754405.1	Mycobacterium phage Bipper	QueD	1	#016ae1	YP_009303153.1
GCF_001754405.1	Mycobacterium phage Bipper	QueE	1	#018ce1	YP_009303154.1
GCF_001754405.1	Mycobacterium phage Bipper	QueC	0	#FFFFFF	
GCF_001754405.1	Mycobacterium phage Bipper	QueF	0	#FFFFFF	
GCF_001754405.1	Mycobacterium phage Bipper	Gat-QueC	0	#FFFFFF	
GCF_001754405.1	Mycobacterium phage Bipper	ArcS	0	#FFFFFF	
GCF_001754405.1	Mycobacterium phage Bipper	CDGdC	0	#FFFFFF	
GCF_001754405.1	Mycobacterium phage Bipper	PreQ1-met	0	#FFFFFF	
GCF_001754405.1	Mycobacterium phage Bipper	PreQ1-for	0	#FFFFFF	
GCF_001754405.1	Mycobacterium phage Bipper	YhhQ	0	#FFFFFF	
GCF_004520375.1	Mycobacterium phage Typha	DpdA1	1	#00760e	YP_010049672.1
GCF_004520375.1	Mycobacterium phage Typha	DpdA2	0	#FFFFFF	
GCF_004520375.1	Mycobacterium phage Typha	DpdA3	0	#FFFFFF	
GCF_004520375.1	Mycobacterium phage Typha	DpdA4	0	#FFFFFF	
GCF_004520375.1	Mycobacterium phage Typha	FolE	1	#0127e1	YP_010049676.1
GCF_004520375.1	Mycobacterium phage Typha	QueD	1	#016ae1	YP_010049674.1
GCF_004520375.1	Mycobacterium phage Typha	QueE	1	#018ce1	YP_010049675.1
GCF_004520375.1	Mycobacterium phage Typha	QueC	0	#FFFFFF	
GCF_004520375.1	Mycobacterium phage Typha	QueF	0	#FFFFFF	
GCF_004520375.1	Mycobacterium phage Typha	Gat-QueC	0	#FFFFFF	
GCF_004520375.1	Mycobacterium phage Typha	ArcS	0	#FFFFFF	
GCF_004520375.1	Mycobacterium phage Typha	CDGdC	0	#FFFFFF	
GCF_004520375.1	Mycobacterium phage Typha	PreQ1-met	0	#FFFFFF	
GCF_004520375.1	Mycobacterium phage Typha	PreQ1-for	0	#FFFFFF	
GCF_004520375.1	Mycobacterium phage Typha	YhhQ	0	#FFFFFF	
GCF_001534635.1	Sinorhizobium phage phiLM21	DpdA1	1	#00760e	YP_009221496.1
GCF_001534635.1	Sinorhizobium phage phiLM21	DpdA2	0	#FFFFFF	
GCF_001534635.1	Sinorhizobium phage phiLM21	DpdA3	0	#FFFFFF	
GCF_001534635.1	Sinorhizobium phage phiLM21	DpdA4	0	#FFFFFF	
GCF_001534635.1	Sinorhizobium phage phiLM21	FolE	0	#FFFFFF	
GCF_001534635.1	Sinorhizobium phage phiLM21	QueD	0	#FFFFFF	
GCF_001534635.1	Sinorhizobium phage phiLM21	QueE	0	#FFFFFF	
GCF_001534635.1	Sinorhizobium phage phiLM21	QueC	0	#FFFFFF	
GCF_001534635.1	Sinorhizobium phage phiLM21	QueF	0	#FFFFFF	
GCF_001534635.1	Sinorhizobium phage phiLM21	Gat-QueC	0	#FFFFFF	
GCF_001534635.1	Sinorhizobium phage phiLM21	ArcS	0	#FFFFFF	
GCF_001534635.1	Sinorhizobium phage phiLM21	CDGdC	0	#FFFFFF	
GCF_001534635.1	Sinorhizobium phage phiLM21	PreQ1-met	0	#FFFFFF	
GCF_001534635.1	Sinorhizobium phage phiLM21	PreQ1-for	0	#FFFFFF	
GCF_001534635.1	Sinorhizobium phage phiLM21	YhhQ	1	#000000	YP_009221497.1
GCF_000869205.1	Mycobacterium phage Orion	DpdA1	1	#00760e	YP_655116.1
GCF_000869205.1	Mycobacterium phage Orion	DpdA2	0	#FFFFFF	
GCF_000869205.1	Mycobacterium phage Orion	DpdA3	0	#FFFFFF	
GCF_000869205.1	Mycobacterium phage Orion	DpdA4	0	#FFFFFF	
GCF_000869205.1	Mycobacterium phage Orion	FolE	0	#FFFFFF	
GCF_000869205.1	Mycobacterium phage Orion	QueD	0	#FFFFFF	
GCF_000869205.1	Mycobacterium phage Orion	QueE	0	#FFFFFF	
GCF_000869205.1	Mycobacterium phage Orion	QueC	0	#FFFFFF	
GCF_000869205.1	Mycobacterium phage Orion	QueF	0	#FFFFFF	
GCF_000869205.1	Mycobacterium phage Orion	Gat-QueC	0	#FFFFFF	
GCF_000869205.1	Mycobacterium phage Orion	ArcS	0	#FFFFFF	
GCF_000869205.1	Mycobacterium phage Orion	CDGdC	0	#FFFFFF	
GCF_000869205.1	Mycobacterium phage Orion	PreQ1-met	0	#FFFFFF	
GCF_000869205.1	Mycobacterium phage Orion	PreQ1-for	0	#FFFFFF	
GCF_000869205.1	Mycobacterium phage Orion	YhhQ	0	#FFFFFF	
GCF_000900935.1	Salmonella phage SPN3UB	DpdA1	1	#00760e	YP_007011024.1
GCF_000900935.1	Salmonella phage SPN3UB	DpdA2	0	#FFFFFF	
GCF_000900935.1	Salmonella phage SPN3UB	DpdA3	0	#FFFFFF	
GCF_000900935.1	Salmonella phage SPN3UB	DpdA4	0	#FFFFFF	
GCF_000900935.1	Salmonella phage SPN3UB	FolE	0	#FFFFFF	
GCF_000900935.1	Salmonella phage SPN3UB	QueD	0	#FFFFFF	
GCF_000900935.1	Salmonella phage SPN3UB	QueE	0	#FFFFFF	
GCF_000900935.1	Salmonella phage SPN3UB	QueC	0	#FFFFFF	
GCF_000900935.1	Salmonella phage SPN3UB	QueF	0	#FFFFFF	
GCF_000900935.1	Salmonella phage SPN3UB	Gat-QueC	0	#FFFFFF	
GCF_000900935.1	Salmonella phage SPN3UB	ArcS	0	#FFFFFF	
GCF_000900935.1	Salmonella phage SPN3UB	CDGdC	0	#FFFFFF	
GCF_000900935.1	Salmonella phage SPN3UB	PreQ1-met	0	#FFFFFF	
GCF_000900935.1	Salmonella phage SPN3UB	PreQ1-for	0	#FFFFFF	
GCF_000900935.1	Salmonella phage SPN3UB	YhhQ	0	#FFFFFF	
GCF_000903655.1	Enterobacteria phage HK106	DpdA1	1	#00760e	YP_007151699.1
GCF_000903655.1	Enterobacteria phage HK106	DpdA2	0	#FFFFFF	
GCF_000903655.1	Enterobacteria phage HK106	DpdA3	0	#FFFFFF	
GCF_000903655.1	Enterobacteria phage HK106	DpdA4	0	#FFFFFF	
GCF_000903655.1	Enterobacteria phage HK106	FolE	0	#FFFFFF	
GCF_000903655.1	Enterobacteria phage HK106	QueD	0	#FFFFFF	
GCF_000903655.1	Enterobacteria phage HK106	QueE	0	#FFFFFF	
GCF_000903655.1	Enterobacteria phage HK106	QueC	0	#FFFFFF	
GCF_000903655.1	Enterobacteria phage HK106	QueF	0	#FFFFFF	
GCF_000903655.1	Enterobacteria phage HK106	Gat-QueC	0	#FFFFFF	
GCF_000903655.1	Enterobacteria phage HK106	ArcS	0	#FFFFFF	
GCF_000903655.1	Enterobacteria phage HK106	CDGdC	0	#FFFFFF	
GCF_000903655.1	Enterobacteria phage HK106	PreQ1-met	0	#FFFFFF	
GCF_000903655.1	Enterobacteria phage HK106	PreQ1-for	0	#FFFFFF	
GCF_000903655.1	Enterobacteria phage HK106	YhhQ	0	#FFFFFF	
GCF_000909075.1	Mycobacterium phage Newman	DpdA1	1	#00760e	YP_008052097.1
GCF_000909075.1	Mycobacterium phage Newman	DpdA2	0	#FFFFFF	
GCF_000909075.1	Mycobacterium phage Newman	DpdA3	0	#FFFFFF	
GCF_000909075.1	Mycobacterium phage Newman	DpdA4	0	#FFFFFF	
GCF_000909075.1	Mycobacterium phage Newman	FolE	0	#FFFFFF	
GCF_000909075.1	Mycobacterium phage Newman	QueD	0	#FFFFFF	
GCF_000909075.1	Mycobacterium phage Newman	QueE	0	#FFFFFF	
GCF_000909075.1	Mycobacterium phage Newman	QueC	0	#FFFFFF	
GCF_000909075.1	Mycobacterium phage Newman	QueF	0	#FFFFFF	
GCF_000909075.1	Mycobacterium phage Newman	Gat-QueC	0	#FFFFFF	
GCF_000909075.1	Mycobacterium phage Newman	ArcS	0	#FFFFFF	
GCF_000909075.1	Mycobacterium phage Newman	CDGdC	0	#FFFFFF	
GCF_000909075.1	Mycobacterium phage Newman	PreQ1-met	0	#FFFFFF	
GCF_000909075.1	Mycobacterium phage Newman	PreQ1-for	0	#FFFFFF	
GCF_000909075.1	Mycobacterium phage Newman	YhhQ	0	#FFFFFF	
GCF_000914435.1	Mycobacterium phage Validus	DpdA1	1	#00760e	YP_009002693.1
GCF_000914435.1	Mycobacterium phage Validus	DpdA2	0	#FFFFFF	
GCF_000914435.1	Mycobacterium phage Validus	DpdA3	0	#FFFFFF	
GCF_000914435.1	Mycobacterium phage Validus	DpdA4	0	#FFFFFF	
GCF_000914435.1	Mycobacterium phage Validus	FolE	0	#FFFFFF	
GCF_000914435.1	Mycobacterium phage Validus	QueD	0	#FFFFFF	
GCF_000914435.1	Mycobacterium phage Validus	QueE	0	#FFFFFF	
GCF_000914435.1	Mycobacterium phage Validus	QueC	0	#FFFFFF	
GCF_000914435.1	Mycobacterium phage Validus	QueF	0	#FFFFFF	
GCF_000914435.1	Mycobacterium phage Validus	Gat-QueC	0	#FFFFFF	
GCF_000914435.1	Mycobacterium phage Validus	ArcS	0	#FFFFFF	
GCF_000914435.1	Mycobacterium phage Validus	CDGdC	0	#FFFFFF	
GCF_000914435.1	Mycobacterium phage Validus	PreQ1-met	0	#FFFFFF	
GCF_000914435.1	Mycobacterium phage Validus	PreQ1-for	0	#FFFFFF	
GCF_000914435.1	Mycobacterium phage Validus	YhhQ	0	#FFFFFF	
GCF_000914795.1	Mycobacterium phage Suffolk	DpdA1	1	#00760e	YP_009005667.1
GCF_000914795.1	Mycobacterium phage Suffolk	DpdA2	0	#FFFFFF	
GCF_000914795.1	Mycobacterium phage Suffolk	DpdA3	0	#FFFFFF	
GCF_000914795.1	Mycobacterium phage Suffolk	DpdA4	0	#FFFFFF	
GCF_000914795.1	Mycobacterium phage Suffolk	FolE	0	#FFFFFF	
GCF_000914795.1	Mycobacterium phage Suffolk	QueD	0	#FFFFFF	
GCF_000914795.1	Mycobacterium phage Suffolk	QueE	0	#FFFFFF	
GCF_000914795.1	Mycobacterium phage Suffolk	QueC	0	#FFFFFF	
GCF_000914795.1	Mycobacterium phage Suffolk	QueF	0	#FFFFFF	
GCF_000914795.1	Mycobacterium phage Suffolk	Gat-QueC	0	#FFFFFF	
GCF_000914795.1	Mycobacterium phage Suffolk	ArcS	0	#FFFFFF	
GCF_000914795.1	Mycobacterium phage Suffolk	CDGdC	0	#FFFFFF	
GCF_000914795.1	Mycobacterium phage Suffolk	PreQ1-met	0	#FFFFFF	
GCF_000914795.1	Mycobacterium phage Suffolk	PreQ1-for	0	#FFFFFF	
GCF_000914795.1	Mycobacterium phage Suffolk	YhhQ	0	#FFFFFF	
GCF_000918635.1	Mycobacterium virus Larva	DpdA1	1	#00760e	YP_009016449.1
GCF_000918635.1	Mycobacterium virus Larva	DpdA2	0	#FFFFFF	
GCF_000918635.1	Mycobacterium virus Larva	DpdA3	0	#FFFFFF	
GCF_000918635.1	Mycobacterium virus Larva	DpdA4	0	#FFFFFF	
GCF_000918635.1	Mycobacterium virus Larva	FolE	0	#FFFFFF	
GCF_000918635.1	Mycobacterium virus Larva	QueD	0	#FFFFFF	
GCF_000918635.1	Mycobacterium virus Larva	QueE	0	#FFFFFF	
GCF_000918635.1	Mycobacterium virus Larva	QueC	0	#FFFFFF	
GCF_000918635.1	Mycobacterium virus Larva	QueF	0	#FFFFFF	
GCF_000918635.1	Mycobacterium virus Larva	Gat-QueC	0	#FFFFFF	
GCF_000918635.1	Mycobacterium virus Larva	ArcS	0	#FFFFFF	
GCF_000918635.1	Mycobacterium virus Larva	CDGdC	0	#FFFFFF	
GCF_000918635.1	Mycobacterium virus Larva	PreQ1-met	0	#FFFFFF	
GCF_000918635.1	Mycobacterium virus Larva	PreQ1-for	0	#FFFFFF	
GCF_000918635.1	Mycobacterium virus Larva	YhhQ	0	#FFFFFF	
GCF_000919295.1	Mycobacterium phage Oline	DpdA1	1	#00760e	YP_009014281.1
GCF_000919295.1	Mycobacterium phage Oline	DpdA2	0	#FFFFFF	
GCF_000919295.1	Mycobacterium phage Oline	DpdA3	0	#FFFFFF	
GCF_000919295.1	Mycobacterium phage Oline	DpdA4	0	#FFFFFF	
GCF_000919295.1	Mycobacterium phage Oline	FolE	0	#FFFFFF	
GCF_000919295.1	Mycobacterium phage Oline	QueD	0	#FFFFFF	
GCF_000919295.1	Mycobacterium phage Oline	QueE	0	#FFFFFF	
GCF_000919295.1	Mycobacterium phage Oline	QueC	0	#FFFFFF	
GCF_000919295.1	Mycobacterium phage Oline	QueF	0	#FFFFFF	
GCF_000919295.1	Mycobacterium phage Oline	Gat-QueC	0	#FFFFFF	
GCF_000919295.1	Mycobacterium phage Oline	ArcS	0	#FFFFFF	
GCF_000919295.1	Mycobacterium phage Oline	CDGdC	0	#FFFFFF	
GCF_000919295.1	Mycobacterium phage Oline	PreQ1-met	0	#FFFFFF	
GCF_000919295.1	Mycobacterium phage Oline	PreQ1-for	0	#FFFFFF	
GCF_000919295.1	Mycobacterium phage Oline	YhhQ	0	#FFFFFF	
GCF_000919375.1	Mycobacterium phage JacAttac	DpdA1	1	#00760e	YP_009018333.1
GCF_000919375.1	Mycobacterium phage JacAttac	DpdA2	0	#FFFFFF	
GCF_000919375.1	Mycobacterium phage JacAttac	DpdA3	0	#FFFFFF	
GCF_000919375.1	Mycobacterium phage JacAttac	DpdA4	0	#FFFFFF	
GCF_000919375.1	Mycobacterium phage JacAttac	FolE	0	#FFFFFF	
GCF_000919375.1	Mycobacterium phage JacAttac	QueD	0	#FFFFFF	
GCF_000919375.1	Mycobacterium phage JacAttac	QueE	0	#FFFFFF	
GCF_000919375.1	Mycobacterium phage JacAttac	QueC	0	#FFFFFF	
GCF_000919375.1	Mycobacterium phage JacAttac	QueF	0	#FFFFFF	
GCF_000919375.1	Mycobacterium phage JacAttac	Gat-QueC	0	#FFFFFF	
GCF_000919375.1	Mycobacterium phage JacAttac	ArcS	0	#FFFFFF	
GCF_000919375.1	Mycobacterium phage JacAttac	CDGdC	0	#FFFFFF	
GCF_000919375.1	Mycobacterium phage JacAttac	PreQ1-met	0	#FFFFFF	
GCF_000919375.1	Mycobacterium phage JacAttac	PreQ1-for	0	#FFFFFF	
GCF_000919375.1	Mycobacterium phage JacAttac	YhhQ	0	#FFFFFF	
GCF_000919415.1	Mycobacterium phage Vista	DpdA1	1	#00760e	YP_009016809.1
GCF_000919415.1	Mycobacterium phage Vista	DpdA2	0	#FFFFFF	
GCF_000919415.1	Mycobacterium phage Vista	DpdA3	0	#FFFFFF	
GCF_000919415.1	Mycobacterium phage Vista	DpdA4	0	#FFFFFF	
GCF_000919415.1	Mycobacterium phage Vista	FolE	0	#FFFFFF	
GCF_000919415.1	Mycobacterium phage Vista	QueD	0	#FFFFFF	
GCF_000919415.1	Mycobacterium phage Vista	QueE	0	#FFFFFF	
GCF_000919415.1	Mycobacterium phage Vista	QueC	0	#FFFFFF	
GCF_000919415.1	Mycobacterium phage Vista	QueF	0	#FFFFFF	
GCF_000919415.1	Mycobacterium phage Vista	Gat-QueC	0	#FFFFFF	
GCF_000919415.1	Mycobacterium phage Vista	ArcS	0	#FFFFFF	
GCF_000919415.1	Mycobacterium phage Vista	CDGdC	0	#FFFFFF	
GCF_000919415.1	Mycobacterium phage Vista	PreQ1-met	0	#FFFFFF	
GCF_000919415.1	Mycobacterium phage Vista	PreQ1-for	0	#FFFFFF	
GCF_000919415.1	Mycobacterium phage Vista	YhhQ	0	#FFFFFF	
GCF_000920835.1	Mycobacterium phage ZoeJ	DpdA1	1	#00760e	YP_009032436.1
GCF_000920835.1	Mycobacterium phage ZoeJ	DpdA2	0	#FFFFFF	
GCF_000920835.1	Mycobacterium phage ZoeJ	DpdA3	0	#FFFFFF	
GCF_000920835.1	Mycobacterium phage ZoeJ	DpdA4	0	#FFFFFF	
GCF_000920835.1	Mycobacterium phage ZoeJ	FolE	0	#FFFFFF	
GCF_000920835.1	Mycobacterium phage ZoeJ	QueD	0	#FFFFFF	
GCF_000920835.1	Mycobacterium phage ZoeJ	QueE	0	#FFFFFF	
GCF_000920835.1	Mycobacterium phage ZoeJ	QueC	0	#FFFFFF	
GCF_000920835.1	Mycobacterium phage ZoeJ	QueF	0	#FFFFFF	
GCF_000920835.1	Mycobacterium phage ZoeJ	Gat-QueC	0	#FFFFFF	
GCF_000920835.1	Mycobacterium phage ZoeJ	ArcS	0	#FFFFFF	
GCF_000920835.1	Mycobacterium phage ZoeJ	CDGdC	0	#FFFFFF	
GCF_000920835.1	Mycobacterium phage ZoeJ	PreQ1-met	0	#FFFFFF	
GCF_000920835.1	Mycobacterium phage ZoeJ	PreQ1-for	0	#FFFFFF	
GCF_000920835.1	Mycobacterium phage ZoeJ	YhhQ	0	#FFFFFF	
GCF_000922975.1	Mycobacterium phage Manad	DpdA1	1	#00760e	YP_009043294.1
GCF_000922975.1	Mycobacterium phage Manad	DpdA2	0	#FFFFFF	
GCF_000922975.1	Mycobacterium phage Manad	DpdA3	0	#FFFFFF	
GCF_000922975.1	Mycobacterium phage Manad	DpdA4	0	#FFFFFF	
GCF_000922975.1	Mycobacterium phage Manad	FolE	0	#FFFFFF	
GCF_000922975.1	Mycobacterium phage Manad	QueD	0	#FFFFFF	
GCF_000922975.1	Mycobacterium phage Manad	QueE	0	#FFFFFF	
GCF_000922975.1	Mycobacterium phage Manad	QueC	0	#FFFFFF	
GCF_000922975.1	Mycobacterium phage Manad	QueF	0	#FFFFFF	
GCF_000922975.1	Mycobacterium phage Manad	Gat-QueC	0	#FFFFFF	
GCF_000922975.1	Mycobacterium phage Manad	ArcS	0	#FFFFFF	
GCF_000922975.1	Mycobacterium phage Manad	CDGdC	0	#FFFFFF	
GCF_000922975.1	Mycobacterium phage Manad	PreQ1-met	0	#FFFFFF	
GCF_000922975.1	Mycobacterium phage Manad	PreQ1-for	0	#FFFFFF	
GCF_000922975.1	Mycobacterium phage Manad	YhhQ	0	#FFFFFF	
GCF_000925895.1	Mycobacterium phage Soto	DpdA1	1	#00760e	YP_009100829.1
GCF_000925895.1	Mycobacterium phage Soto	DpdA2	0	#FFFFFF	
GCF_000925895.1	Mycobacterium phage Soto	DpdA3	0	#FFFFFF	
GCF_000925895.1	Mycobacterium phage Soto	DpdA4	0	#FFFFFF	
GCF_000925895.1	Mycobacterium phage Soto	FolE	0	#FFFFFF	
GCF_000925895.1	Mycobacterium phage Soto	QueD	0	#FFFFFF	
GCF_000925895.1	Mycobacterium phage Soto	QueE	0	#FFFFFF	
GCF_000925895.1	Mycobacterium phage Soto	QueC	0	#FFFFFF	
GCF_000925895.1	Mycobacterium phage Soto	QueF	0	#FFFFFF	
GCF_000925895.1	Mycobacterium phage Soto	Gat-QueC	0	#FFFFFF	
GCF_000925895.1	Mycobacterium phage Soto	ArcS	0	#FFFFFF	
GCF_000925895.1	Mycobacterium phage Soto	CDGdC	0	#FFFFFF	
GCF_000925895.1	Mycobacterium phage Soto	PreQ1-met	0	#FFFFFF	
GCF_000925895.1	Mycobacterium phage Soto	PreQ1-for	0	#FFFFFF	
GCF_000925895.1	Mycobacterium phage Soto	YhhQ	0	#FFFFFF	
GCF_000954675.1	Mycobacterium phage Milly	DpdA1	1	#00760e	YP_009125516.1
GCF_000954675.1	Mycobacterium phage Milly	DpdA2	0	#FFFFFF	
GCF_000954675.1	Mycobacterium phage Milly	DpdA3	0	#FFFFFF	
GCF_000954675.1	Mycobacterium phage Milly	DpdA4	0	#FFFFFF	
GCF_000954675.1	Mycobacterium phage Milly	FolE	0	#FFFFFF	
GCF_000954675.1	Mycobacterium phage Milly	QueD	0	#FFFFFF	
GCF_000954675.1	Mycobacterium phage Milly	QueE	0	#FFFFFF	
GCF_000954675.1	Mycobacterium phage Milly	QueC	0	#FFFFFF	
GCF_000954675.1	Mycobacterium phage Milly	QueF	0	#FFFFFF	
GCF_000954675.1	Mycobacterium phage Milly	Gat-QueC	0	#FFFFFF	
GCF_000954675.1	Mycobacterium phage Milly	ArcS	0	#FFFFFF	
GCF_000954675.1	Mycobacterium phage Milly	CDGdC	0	#FFFFFF	
GCF_000954675.1	Mycobacterium phage Milly	PreQ1-met	0	#FFFFFF	
GCF_000954675.1	Mycobacterium phage Milly	PreQ1-for	0	#FFFFFF	
GCF_000954675.1	Mycobacterium phage Milly	YhhQ	0	#FFFFFF	
GCF_001308715.1	Mycobacterium phage UncleHowie	DpdA1	1	#00760e	YP_009168200.1
GCF_001308715.1	Mycobacterium phage UncleHowie	DpdA2	0	#FFFFFF	
GCF_001308715.1	Mycobacterium phage UncleHowie	DpdA3	0	#FFFFFF	
GCF_001308715.1	Mycobacterium phage UncleHowie	DpdA4	0	#FFFFFF	
GCF_001308715.1	Mycobacterium phage UncleHowie	FolE	0	#FFFFFF	
GCF_001308715.1	Mycobacterium phage UncleHowie	QueD	0	#FFFFFF	
GCF_001308715.1	Mycobacterium phage UncleHowie	QueE	0	#FFFFFF	
GCF_001308715.1	Mycobacterium phage UncleHowie	QueC	0	#FFFFFF	
GCF_001308715.1	Mycobacterium phage UncleHowie	QueF	0	#FFFFFF	
GCF_001308715.1	Mycobacterium phage UncleHowie	Gat-QueC	0	#FFFFFF	
GCF_001308715.1	Mycobacterium phage UncleHowie	ArcS	0	#FFFFFF	
GCF_001308715.1	Mycobacterium phage UncleHowie	CDGdC	0	#FFFFFF	
GCF_001308715.1	Mycobacterium phage UncleHowie	PreQ1-met	0	#FFFFFF	
GCF_001308715.1	Mycobacterium phage UncleHowie	PreQ1-for	0	#FFFFFF	
GCF_001308715.1	Mycobacterium phage UncleHowie	YhhQ	0	#FFFFFF	
GCF_001470115.1	Mycobacterium phage Apizium	DpdA1	1	#00760e	YP_009191212.1
GCF_001470115.1	Mycobacterium phage Apizium	DpdA2	0	#FFFFFF	
GCF_001470115.1	Mycobacterium phage Apizium	DpdA3	0	#FFFFFF	
GCF_001470115.1	Mycobacterium phage Apizium	DpdA4	0	#FFFFFF	
GCF_001470115.1	Mycobacterium phage Apizium	FolE	0	#FFFFFF	
GCF_001470115.1	Mycobacterium phage Apizium	QueD	0	#FFFFFF	
GCF_001470115.1	Mycobacterium phage Apizium	QueE	0	#FFFFFF	
GCF_001470115.1	Mycobacterium phage Apizium	QueC	0	#FFFFFF	
GCF_001470115.1	Mycobacterium phage Apizium	QueF	0	#FFFFFF	
GCF_001470115.1	Mycobacterium phage Apizium	Gat-QueC	0	#FFFFFF	
GCF_001470115.1	Mycobacterium phage Apizium	ArcS	0	#FFFFFF	
GCF_001470115.1	Mycobacterium phage Apizium	CDGdC	0	#FFFFFF	
GCF_001470115.1	Mycobacterium phage Apizium	PreQ1-met	0	#FFFFFF	
GCF_001470115.1	Mycobacterium phage Apizium	PreQ1-for	0	#FFFFFF	
GCF_001470115.1	Mycobacterium phage Apizium	YhhQ	0	#FFFFFF	
GCF_001470175.1	Mycobacterium phage Badfish	DpdA1	1	#00760e	YP_009190076.1
GCF_001470175.1	Mycobacterium phage Badfish	DpdA2	0	#FFFFFF	
GCF_001470175.1	Mycobacterium phage Badfish	DpdA3	0	#FFFFFF	
GCF_001470175.1	Mycobacterium phage Badfish	DpdA4	0	#FFFFFF	
GCF_001470175.1	Mycobacterium phage Badfish	FolE	0	#FFFFFF	
GCF_001470175.1	Mycobacterium phage Badfish	QueD	0	#FFFFFF	
GCF_001470175.1	Mycobacterium phage Badfish	QueE	0	#FFFFFF	
GCF_001470175.1	Mycobacterium phage Badfish	QueC	0	#FFFFFF	
GCF_001470175.1	Mycobacterium phage Badfish	QueF	0	#FFFFFF	
GCF_001470175.1	Mycobacterium phage Badfish	Gat-QueC	0	#FFFFFF	
GCF_001470175.1	Mycobacterium phage Badfish	ArcS	0	#FFFFFF	
GCF_001470175.1	Mycobacterium phage Badfish	CDGdC	0	#FFFFFF	
GCF_001470175.1	Mycobacterium phage Badfish	PreQ1-met	0	#FFFFFF	
GCF_001470175.1	Mycobacterium phage Badfish	PreQ1-for	0	#FFFFFF	
GCF_001470175.1	Mycobacterium phage Badfish	YhhQ	0	#FFFFFF	
GCF_001470295.1	Mycobacterium phage ShiVal	DpdA1	1	#00760e	YP_009189258.1
GCF_001470295.1	Mycobacterium phage ShiVal	DpdA2	0	#FFFFFF	
GCF_001470295.1	Mycobacterium phage ShiVal	DpdA3	0	#FFFFFF	
GCF_001470295.1	Mycobacterium phage ShiVal	DpdA4	0	#FFFFFF	
GCF_001470295.1	Mycobacterium phage ShiVal	FolE	0	#FFFFFF	
GCF_001470295.1	Mycobacterium phage ShiVal	QueD	0	#FFFFFF	
GCF_001470295.1	Mycobacterium phage ShiVal	QueE	0	#FFFFFF	
GCF_001470295.1	Mycobacterium phage ShiVal	QueC	0	#FFFFFF	
GCF_001470295.1	Mycobacterium phage ShiVal	QueF	0	#FFFFFF	
GCF_001470295.1	Mycobacterium phage ShiVal	Gat-QueC	0	#FFFFFF	
GCF_001470295.1	Mycobacterium phage ShiVal	ArcS	0	#FFFFFF	
GCF_001470295.1	Mycobacterium phage ShiVal	CDGdC	0	#FFFFFF	
GCF_001470295.1	Mycobacterium phage ShiVal	PreQ1-met	0	#FFFFFF	
GCF_001470295.1	Mycobacterium phage ShiVal	PreQ1-for	0	#FFFFFF	
GCF_001470295.1	Mycobacterium phage ShiVal	YhhQ	0	#FFFFFF	
GCF_001470415.1	Mycobacterium phage Eremos	DpdA1	1	#00760e	YP_009191114.1
GCF_001470415.1	Mycobacterium phage Eremos	DpdA2	0	#FFFFFF	
GCF_001470415.1	Mycobacterium phage Eremos	DpdA3	0	#FFFFFF	
GCF_001470415.1	Mycobacterium phage Eremos	DpdA4	0	#FFFFFF	
GCF_001470415.1	Mycobacterium phage Eremos	FolE	0	#FFFFFF	
GCF_001470415.1	Mycobacterium phage Eremos	QueD	0	#FFFFFF	
GCF_001470415.1	Mycobacterium phage Eremos	QueE	0	#FFFFFF	
GCF_001470415.1	Mycobacterium phage Eremos	QueC	0	#FFFFFF	
GCF_001470415.1	Mycobacterium phage Eremos	QueF	0	#FFFFFF	
GCF_001470415.1	Mycobacterium phage Eremos	Gat-QueC	0	#FFFFFF	
GCF_001470415.1	Mycobacterium phage Eremos	ArcS	0	#FFFFFF	
GCF_001470415.1	Mycobacterium phage Eremos	CDGdC	0	#FFFFFF	
GCF_001470415.1	Mycobacterium phage Eremos	PreQ1-met	0	#FFFFFF	
GCF_001470415.1	Mycobacterium phage Eremos	PreQ1-for	0	#FFFFFF	
GCF_001470415.1	Mycobacterium phage Eremos	YhhQ	0	#FFFFFF	
GCF_001470715.1	Mycobacterium phage Swish	DpdA1	1	#00760e	YP_009187530.1
GCF_001470715.1	Mycobacterium phage Swish	DpdA2	0	#FFFFFF	
GCF_001470715.1	Mycobacterium phage Swish	DpdA3	0	#FFFFFF	
GCF_001470715.1	Mycobacterium phage Swish	DpdA4	0	#FFFFFF	
GCF_001470715.1	Mycobacterium phage Swish	FolE	0	#FFFFFF	
GCF_001470715.1	Mycobacterium phage Swish	QueD	0	#FFFFFF	
GCF_001470715.1	Mycobacterium phage Swish	QueE	0	#FFFFFF	
GCF_001470715.1	Mycobacterium phage Swish	QueC	0	#FFFFFF	
GCF_001470715.1	Mycobacterium phage Swish	QueF	0	#FFFFFF	
GCF_001470715.1	Mycobacterium phage Swish	Gat-QueC	0	#FFFFFF	
GCF_001470715.1	Mycobacterium phage Swish	ArcS	0	#FFFFFF	
GCF_001470715.1	Mycobacterium phage Swish	CDGdC	0	#FFFFFF	
GCF_001470715.1	Mycobacterium phage Swish	PreQ1-met	0	#FFFFFF	
GCF_001470715.1	Mycobacterium phage Swish	PreQ1-for	0	#FFFFFF	
GCF_001470715.1	Mycobacterium phage Swish	YhhQ	0	#FFFFFF	
GCF_001470755.1	Mycobacterium phage Pops	DpdA1	1	#00760e	YP_009189977.1
GCF_001470755.1	Mycobacterium phage Pops	DpdA2	0	#FFFFFF	
GCF_001470755.1	Mycobacterium phage Pops	DpdA3	0	#FFFFFF	
GCF_001470755.1	Mycobacterium phage Pops	DpdA4	0	#FFFFFF	
GCF_001470755.1	Mycobacterium phage Pops	FolE	0	#FFFFFF	
GCF_001470755.1	Mycobacterium phage Pops	QueD	0	#FFFFFF	
GCF_001470755.1	Mycobacterium phage Pops	QueE	0	#FFFFFF	
GCF_001470755.1	Mycobacterium phage Pops	QueC	0	#FFFFFF	
GCF_001470755.1	Mycobacterium phage Pops	QueF	0	#FFFFFF	
GCF_001470755.1	Mycobacterium phage Pops	Gat-QueC	0	#FFFFFF	
GCF_001470755.1	Mycobacterium phage Pops	ArcS	0	#FFFFFF	
GCF_001470755.1	Mycobacterium phage Pops	CDGdC	0	#FFFFFF	
GCF_001470755.1	Mycobacterium phage Pops	PreQ1-met	0	#FFFFFF	
GCF_001470755.1	Mycobacterium phage Pops	PreQ1-for	0	#FFFFFF	
GCF_001470755.1	Mycobacterium phage Pops	YhhQ	0	#FFFFFF	
GCF_001471015.1	Mycobacterium phage Colbert	DpdA1	1	#00760e	YP_009191014.1
GCF_001471015.1	Mycobacterium phage Colbert	DpdA2	0	#FFFFFF	
GCF_001471015.1	Mycobacterium phage Colbert	DpdA3	0	#FFFFFF	
GCF_001471015.1	Mycobacterium phage Colbert	DpdA4	0	#FFFFFF	
GCF_001471015.1	Mycobacterium phage Colbert	FolE	0	#FFFFFF	
GCF_001471015.1	Mycobacterium phage Colbert	QueD	0	#FFFFFF	
GCF_001471015.1	Mycobacterium phage Colbert	QueE	0	#FFFFFF	
GCF_001471015.1	Mycobacterium phage Colbert	QueC	0	#FFFFFF	
GCF_001471015.1	Mycobacterium phage Colbert	QueF	0	#FFFFFF	
GCF_001471015.1	Mycobacterium phage Colbert	Gat-QueC	0	#FFFFFF	
GCF_001471015.1	Mycobacterium phage Colbert	ArcS	0	#FFFFFF	
GCF_001471015.1	Mycobacterium phage Colbert	CDGdC	0	#FFFFFF	
GCF_001471015.1	Mycobacterium phage Colbert	PreQ1-met	0	#FFFFFF	
GCF_001471015.1	Mycobacterium phage Colbert	PreQ1-for	0	#FFFFFF	
GCF_001471015.1	Mycobacterium phage Colbert	YhhQ	0	#FFFFFF	
GCF_001503275.1	Mycobacterium phage Mufasa	DpdA1	1	#00760e	YP_009195289.1
GCF_001503275.1	Mycobacterium phage Mufasa	DpdA2	0	#FFFFFF	
GCF_001503275.1	Mycobacterium phage Mufasa	DpdA3	0	#FFFFFF	
GCF_001503275.1	Mycobacterium phage Mufasa	DpdA4	0	#FFFFFF	
GCF_001503275.1	Mycobacterium phage Mufasa	FolE	0	#FFFFFF	
GCF_001503275.1	Mycobacterium phage Mufasa	QueD	0	#FFFFFF	
GCF_001503275.1	Mycobacterium phage Mufasa	QueE	0	#FFFFFF	
GCF_001503275.1	Mycobacterium phage Mufasa	QueC	0	#FFFFFF	
GCF_001503275.1	Mycobacterium phage Mufasa	QueF	0	#FFFFFF	
GCF_001503275.1	Mycobacterium phage Mufasa	Gat-QueC	0	#FFFFFF	
GCF_001503275.1	Mycobacterium phage Mufasa	ArcS	0	#FFFFFF	
GCF_001503275.1	Mycobacterium phage Mufasa	CDGdC	0	#FFFFFF	
GCF_001503275.1	Mycobacterium phage Mufasa	PreQ1-met	0	#FFFFFF	
GCF_001503275.1	Mycobacterium phage Mufasa	PreQ1-for	0	#FFFFFF	
GCF_001503275.1	Mycobacterium phage Mufasa	YhhQ	0	#FFFFFF	
GCF_001503635.1	Mycobacterium phage Vortex	DpdA1	1	#00760e	YP_009198694.1
GCF_001503635.1	Mycobacterium phage Vortex	DpdA2	0	#FFFFFF	
GCF_001503635.1	Mycobacterium phage Vortex	DpdA3	0	#FFFFFF	
GCF_001503635.1	Mycobacterium phage Vortex	DpdA4	0	#FFFFFF	
GCF_001503635.1	Mycobacterium phage Vortex	FolE	0	#FFFFFF	
GCF_001503635.1	Mycobacterium phage Vortex	QueD	0	#FFFFFF	
GCF_001503635.1	Mycobacterium phage Vortex	QueE	0	#FFFFFF	
GCF_001503635.1	Mycobacterium phage Vortex	QueC	0	#FFFFFF	
GCF_001503635.1	Mycobacterium phage Vortex	QueF	0	#FFFFFF	
GCF_001503635.1	Mycobacterium phage Vortex	Gat-QueC	0	#FFFFFF	
GCF_001503635.1	Mycobacterium phage Vortex	ArcS	0	#FFFFFF	
GCF_001503635.1	Mycobacterium phage Vortex	CDGdC	0	#FFFFFF	
GCF_001503635.1	Mycobacterium phage Vortex	PreQ1-met	0	#FFFFFF	
GCF_001503635.1	Mycobacterium phage Vortex	PreQ1-for	0	#FFFFFF	
GCF_001503635.1	Mycobacterium phage Vortex	YhhQ	0	#FFFFFF	
GCF_001504515.1	Mycobacterium phage Murucutumbu	DpdA1	1	#00760e	YP_009215543.1
GCF_001504515.1	Mycobacterium phage Murucutumbu	DpdA2	0	#FFFFFF	
GCF_001504515.1	Mycobacterium phage Murucutumbu	DpdA3	0	#FFFFFF	
GCF_001504515.1	Mycobacterium phage Murucutumbu	DpdA4	0	#FFFFFF	
GCF_001504515.1	Mycobacterium phage Murucutumbu	FolE	0	#FFFFFF	
GCF_001504515.1	Mycobacterium phage Murucutumbu	QueD	0	#FFFFFF	
GCF_001504515.1	Mycobacterium phage Murucutumbu	QueE	0	#FFFFFF	
GCF_001504515.1	Mycobacterium phage Murucutumbu	QueC	0	#FFFFFF	
GCF_001504515.1	Mycobacterium phage Murucutumbu	QueF	0	#FFFFFF	
GCF_001504515.1	Mycobacterium phage Murucutumbu	Gat-QueC	0	#FFFFFF	
GCF_001504515.1	Mycobacterium phage Murucutumbu	ArcS	0	#FFFFFF	
GCF_001504515.1	Mycobacterium phage Murucutumbu	CDGdC	0	#FFFFFF	
GCF_001504515.1	Mycobacterium phage Murucutumbu	PreQ1-met	0	#FFFFFF	
GCF_001504515.1	Mycobacterium phage Murucutumbu	PreQ1-for	0	#FFFFFF	
GCF_001504515.1	Mycobacterium phage Murucutumbu	YhhQ	0	#FFFFFF	
GCF_001504975.1	Mycobacterium phage Enkosi	DpdA1	1	#00760e	YP_009211120.1
GCF_001504975.1	Mycobacterium phage Enkosi	DpdA2	0	#FFFFFF	
GCF_001504975.1	Mycobacterium phage Enkosi	DpdA3	0	#FFFFFF	
GCF_001504975.1	Mycobacterium phage Enkosi	DpdA4	0	#FFFFFF	
GCF_001504975.1	Mycobacterium phage Enkosi	FolE	0	#FFFFFF	
GCF_001504975.1	Mycobacterium phage Enkosi	QueD	0	#FFFFFF	
GCF_001504975.1	Mycobacterium phage Enkosi	QueE	0	#FFFFFF	
GCF_001504975.1	Mycobacterium phage Enkosi	QueC	0	#FFFFFF	
GCF_001504975.1	Mycobacterium phage Enkosi	QueF	0	#FFFFFF	
GCF_001504975.1	Mycobacterium phage Enkosi	Gat-QueC	0	#FFFFFF	
GCF_001504975.1	Mycobacterium phage Enkosi	ArcS	0	#FFFFFF	
GCF_001504975.1	Mycobacterium phage Enkosi	CDGdC	0	#FFFFFF	
GCF_001504975.1	Mycobacterium phage Enkosi	PreQ1-met	0	#FFFFFF	
GCF_001504975.1	Mycobacterium phage Enkosi	PreQ1-for	0	#FFFFFF	
GCF_001504975.1	Mycobacterium phage Enkosi	YhhQ	0	#FFFFFF	
GCF_001505055.1	Mycobacterium phage Kratio	DpdA1	1	#00760e	YP_009212833.1
GCF_001505055.1	Mycobacterium phage Kratio	DpdA2	0	#FFFFFF	
GCF_001505055.1	Mycobacterium phage Kratio	DpdA3	0	#FFFFFF	
GCF_001505055.1	Mycobacterium phage Kratio	DpdA4	0	#FFFFFF	
GCF_001505055.1	Mycobacterium phage Kratio	FolE	0	#FFFFFF	
GCF_001505055.1	Mycobacterium phage Kratio	QueD	0	#FFFFFF	
GCF_001505055.1	Mycobacterium phage Kratio	QueE	0	#FFFFFF	
GCF_001505055.1	Mycobacterium phage Kratio	QueC	0	#FFFFFF	
GCF_001505055.1	Mycobacterium phage Kratio	QueF	0	#FFFFFF	
GCF_001505055.1	Mycobacterium phage Kratio	Gat-QueC	0	#FFFFFF	
GCF_001505055.1	Mycobacterium phage Kratio	ArcS	0	#FFFFFF	
GCF_001505055.1	Mycobacterium phage Kratio	CDGdC	0	#FFFFFF	
GCF_001505055.1	Mycobacterium phage Kratio	PreQ1-met	0	#FFFFFF	
GCF_001505055.1	Mycobacterium phage Kratio	PreQ1-for	0	#FFFFFF	
GCF_001505055.1	Mycobacterium phage Kratio	YhhQ	0	#FFFFFF	
GCF_001505255.1	Mycobacterium phage Phipps	DpdA1	1	#00760e	YP_009211818.1
GCF_001505255.1	Mycobacterium phage Phipps	DpdA2	0	#FFFFFF	
GCF_001505255.1	Mycobacterium phage Phipps	DpdA3	0	#FFFFFF	
GCF_001505255.1	Mycobacterium phage Phipps	DpdA4	0	#FFFFFF	
GCF_001505255.1	Mycobacterium phage Phipps	FolE	0	#FFFFFF	
GCF_001505255.1	Mycobacterium phage Phipps	QueD	0	#FFFFFF	
GCF_001505255.1	Mycobacterium phage Phipps	QueE	0	#FFFFFF	
GCF_001505255.1	Mycobacterium phage Phipps	QueC	0	#FFFFFF	
GCF_001505255.1	Mycobacterium phage Phipps	QueF	0	#FFFFFF	
GCF_001505255.1	Mycobacterium phage Phipps	Gat-QueC	0	#FFFFFF	
GCF_001505255.1	Mycobacterium phage Phipps	ArcS	0	#FFFFFF	
GCF_001505255.1	Mycobacterium phage Phipps	CDGdC	0	#FFFFFF	
GCF_001505255.1	Mycobacterium phage Phipps	PreQ1-met	0	#FFFFFF	
GCF_001505255.1	Mycobacterium phage Phipps	PreQ1-for	0	#FFFFFF	
GCF_001505255.1	Mycobacterium phage Phipps	YhhQ	0	#FFFFFF	
GCF_001505495.1	Mycobacterium phage OSmaximus	DpdA1	1	#00760e	YP_009198878.1
GCF_001505495.1	Mycobacterium phage OSmaximus	DpdA2	0	#FFFFFF	
GCF_001505495.1	Mycobacterium phage OSmaximus	DpdA3	0	#FFFFFF	
GCF_001505495.1	Mycobacterium phage OSmaximus	DpdA4	0	#FFFFFF	
GCF_001505495.1	Mycobacterium phage OSmaximus	FolE	0	#FFFFFF	
GCF_001505495.1	Mycobacterium phage OSmaximus	QueD	0	#FFFFFF	
GCF_001505495.1	Mycobacterium phage OSmaximus	QueE	0	#FFFFFF	
GCF_001505495.1	Mycobacterium phage OSmaximus	QueC	0	#FFFFFF	
GCF_001505495.1	Mycobacterium phage OSmaximus	QueF	0	#FFFFFF	
GCF_001505495.1	Mycobacterium phage OSmaximus	Gat-QueC	0	#FFFFFF	
GCF_001505495.1	Mycobacterium phage OSmaximus	ArcS	0	#FFFFFF	
GCF_001505495.1	Mycobacterium phage OSmaximus	CDGdC	0	#FFFFFF	
GCF_001505495.1	Mycobacterium phage OSmaximus	PreQ1-met	0	#FFFFFF	
GCF_001505495.1	Mycobacterium phage OSmaximus	PreQ1-for	0	#FFFFFF	
GCF_001505495.1	Mycobacterium phage OSmaximus	YhhQ	0	#FFFFFF	
GCF_001505895.1	Mycobacterium phage Kikipoo	DpdA1	1	#00760e	YP_009208568.1
GCF_001505895.1	Mycobacterium phage Kikipoo	DpdA2	0	#FFFFFF	
GCF_001505895.1	Mycobacterium phage Kikipoo	DpdA3	0	#FFFFFF	
GCF_001505895.1	Mycobacterium phage Kikipoo	DpdA4	0	#FFFFFF	
GCF_001505895.1	Mycobacterium phage Kikipoo	FolE	0	#FFFFFF	
GCF_001505895.1	Mycobacterium phage Kikipoo	QueD	0	#FFFFFF	
GCF_001505895.1	Mycobacterium phage Kikipoo	QueE	0	#FFFFFF	
GCF_001505895.1	Mycobacterium phage Kikipoo	QueC	0	#FFFFFF	
GCF_001505895.1	Mycobacterium phage Kikipoo	QueF	0	#FFFFFF	
GCF_001505895.1	Mycobacterium phage Kikipoo	Gat-QueC	0	#FFFFFF	
GCF_001505895.1	Mycobacterium phage Kikipoo	ArcS	0	#FFFFFF	
GCF_001505895.1	Mycobacterium phage Kikipoo	CDGdC	0	#FFFFFF	
GCF_001505895.1	Mycobacterium phage Kikipoo	PreQ1-met	0	#FFFFFF	
GCF_001505895.1	Mycobacterium phage Kikipoo	PreQ1-for	0	#FFFFFF	
GCF_001505895.1	Mycobacterium phage Kikipoo	YhhQ	0	#FFFFFF	
GCF_002602405.1	Mycobacterium virus Macncheese	DpdA1	1	#00760e	YP_009638600.1
GCF_002602405.1	Mycobacterium virus Macncheese	DpdA2	0	#FFFFFF	
GCF_002602405.1	Mycobacterium virus Macncheese	DpdA3	0	#FFFFFF	
GCF_002602405.1	Mycobacterium virus Macncheese	DpdA4	0	#FFFFFF	
GCF_002602405.1	Mycobacterium virus Macncheese	FolE	0	#FFFFFF	
GCF_002602405.1	Mycobacterium virus Macncheese	QueD	0	#FFFFFF	
GCF_002602405.1	Mycobacterium virus Macncheese	QueE	0	#FFFFFF	
GCF_002602405.1	Mycobacterium virus Macncheese	QueC	0	#FFFFFF	
GCF_002602405.1	Mycobacterium virus Macncheese	QueF	0	#FFFFFF	
GCF_002602405.1	Mycobacterium virus Macncheese	Gat-QueC	0	#FFFFFF	
GCF_002602405.1	Mycobacterium virus Macncheese	ArcS	0	#FFFFFF	
GCF_002602405.1	Mycobacterium virus Macncheese	CDGdC	0	#FFFFFF	
GCF_002602405.1	Mycobacterium virus Macncheese	PreQ1-met	0	#FFFFFF	
GCF_002602405.1	Mycobacterium virus Macncheese	PreQ1-for	0	#FFFFFF	
GCF_002602405.1	Mycobacterium virus Macncheese	YhhQ	0	#FFFFFF	
GCF_002614635.1	Mycobacterium phage Urkel	DpdA1	1	#00760e	YP_009954021.1
GCF_002614635.1	Mycobacterium phage Urkel	DpdA2	0	#FFFFFF	
GCF_002614635.1	Mycobacterium phage Urkel	DpdA3	0	#FFFFFF	
GCF_002614635.1	Mycobacterium phage Urkel	DpdA4	0	#FFFFFF	
GCF_002614635.1	Mycobacterium phage Urkel	FolE	0	#FFFFFF	
GCF_002614635.1	Mycobacterium phage Urkel	QueD	0	#FFFFFF	
GCF_002614635.1	Mycobacterium phage Urkel	QueE	0	#FFFFFF	
GCF_002614635.1	Mycobacterium phage Urkel	QueC	0	#FFFFFF	
GCF_002614635.1	Mycobacterium phage Urkel	QueF	0	#FFFFFF	
GCF_002614635.1	Mycobacterium phage Urkel	Gat-QueC	0	#FFFFFF	
GCF_002614635.1	Mycobacterium phage Urkel	ArcS	0	#FFFFFF	
GCF_002614635.1	Mycobacterium phage Urkel	CDGdC	0	#FFFFFF	
GCF_002614635.1	Mycobacterium phage Urkel	PreQ1-met	0	#FFFFFF	
GCF_002614635.1	Mycobacterium phage Urkel	PreQ1-for	0	#FFFFFF	
GCF_002614635.1	Mycobacterium phage Urkel	YhhQ	0	#FFFFFF	
GCF_002614685.1	Mycobacterium phage Amelie	DpdA1	1	#00760e	YP_009952553.1
GCF_002614685.1	Mycobacterium phage Amelie	DpdA2	0	#FFFFFF	
GCF_002614685.1	Mycobacterium phage Amelie	DpdA3	0	#FFFFFF	
GCF_002614685.1	Mycobacterium phage Amelie	DpdA4	0	#FFFFFF	
GCF_002614685.1	Mycobacterium phage Amelie	FolE	0	#FFFFFF	
GCF_002614685.1	Mycobacterium phage Amelie	QueD	0	#FFFFFF	
GCF_002614685.1	Mycobacterium phage Amelie	QueE	0	#FFFFFF	
GCF_002614685.1	Mycobacterium phage Amelie	QueC	0	#FFFFFF	
GCF_002614685.1	Mycobacterium phage Amelie	QueF	0	#FFFFFF	
GCF_002614685.1	Mycobacterium phage Amelie	Gat-QueC	0	#FFFFFF	
GCF_002614685.1	Mycobacterium phage Amelie	ArcS	0	#FFFFFF	
GCF_002614685.1	Mycobacterium phage Amelie	CDGdC	0	#FFFFFF	
GCF_002614685.1	Mycobacterium phage Amelie	PreQ1-met	0	#FFFFFF	
GCF_002614685.1	Mycobacterium phage Amelie	PreQ1-for	0	#FFFFFF	
GCF_002614685.1	Mycobacterium phage Amelie	YhhQ	0	#FFFFFF	
GCF_002623505.1	Mycobacterium phage Shandong1	DpdA1	1	#00760e	YP_009951515.1
GCF_002623505.1	Mycobacterium phage Shandong1	DpdA2	0	#FFFFFF	
GCF_002623505.1	Mycobacterium phage Shandong1	DpdA3	0	#FFFFFF	
GCF_002623505.1	Mycobacterium phage Shandong1	DpdA4	0	#FFFFFF	
GCF_002623505.1	Mycobacterium phage Shandong1	FolE	0	#FFFFFF	
GCF_002623505.1	Mycobacterium phage Shandong1	QueD	0	#FFFFFF	
GCF_002623505.1	Mycobacterium phage Shandong1	QueE	0	#FFFFFF	
GCF_002623505.1	Mycobacterium phage Shandong1	QueC	0	#FFFFFF	
GCF_002623505.1	Mycobacterium phage Shandong1	QueF	0	#FFFFFF	
GCF_002623505.1	Mycobacterium phage Shandong1	Gat-QueC	0	#FFFFFF	
GCF_002623505.1	Mycobacterium phage Shandong1	ArcS	0	#FFFFFF	
GCF_002623505.1	Mycobacterium phage Shandong1	CDGdC	0	#FFFFFF	
GCF_002623505.1	Mycobacterium phage Shandong1	PreQ1-met	0	#FFFFFF	
GCF_002623505.1	Mycobacterium phage Shandong1	PreQ1-for	0	#FFFFFF	
GCF_002623505.1	Mycobacterium phage Shandong1	YhhQ	0	#FFFFFF	
GCF_002625605.1	Mycobacterium phage Amgine	DpdA1	1	#00760e	YP_009951806.1
GCF_002625605.1	Mycobacterium phage Amgine	DpdA2	0	#FFFFFF	
GCF_002625605.1	Mycobacterium phage Amgine	DpdA3	0	#FFFFFF	
GCF_002625605.1	Mycobacterium phage Amgine	DpdA4	0	#FFFFFF	
GCF_002625605.1	Mycobacterium phage Amgine	FolE	0	#FFFFFF	
GCF_002625605.1	Mycobacterium phage Amgine	QueD	0	#FFFFFF	
GCF_002625605.1	Mycobacterium phage Amgine	QueE	0	#FFFFFF	
GCF_002625605.1	Mycobacterium phage Amgine	QueC	0	#FFFFFF	
GCF_002625605.1	Mycobacterium phage Amgine	QueF	0	#FFFFFF	
GCF_002625605.1	Mycobacterium phage Amgine	Gat-QueC	0	#FFFFFF	
GCF_002625605.1	Mycobacterium phage Amgine	ArcS	0	#FFFFFF	
GCF_002625605.1	Mycobacterium phage Amgine	CDGdC	0	#FFFFFF	
GCF_002625605.1	Mycobacterium phage Amgine	PreQ1-met	0	#FFFFFF	
GCF_002625605.1	Mycobacterium phage Amgine	PreQ1-for	0	#FFFFFF	
GCF_002625605.1	Mycobacterium phage Amgine	YhhQ	0	#FFFFFF	
GCF_002626705.1	Mycobacterium phage Amohnition	DpdA1	1	#00760e	YP_009951903.1
GCF_002626705.1	Mycobacterium phage Amohnition	DpdA2	0	#FFFFFF	
GCF_002626705.1	Mycobacterium phage Amohnition	DpdA3	0	#FFFFFF	
GCF_002626705.1	Mycobacterium phage Amohnition	DpdA4	0	#FFFFFF	
GCF_002626705.1	Mycobacterium phage Amohnition	FolE	0	#FFFFFF	
GCF_002626705.1	Mycobacterium phage Amohnition	QueD	0	#FFFFFF	
GCF_002626705.1	Mycobacterium phage Amohnition	QueE	0	#FFFFFF	
GCF_002626705.1	Mycobacterium phage Amohnition	QueC	0	#FFFFFF	
GCF_002626705.1	Mycobacterium phage Amohnition	QueF	0	#FFFFFF	
GCF_002626705.1	Mycobacterium phage Amohnition	Gat-QueC	0	#FFFFFF	
GCF_002626705.1	Mycobacterium phage Amohnition	ArcS	0	#FFFFFF	
GCF_002626705.1	Mycobacterium phage Amohnition	CDGdC	0	#FFFFFF	
GCF_002626705.1	Mycobacterium phage Amohnition	PreQ1-met	0	#FFFFFF	
GCF_002626705.1	Mycobacterium phage Amohnition	PreQ1-for	0	#FFFFFF	
GCF_002626705.1	Mycobacterium phage Amohnition	YhhQ	0	#FFFFFF	
GCF_002626805.1	Mycobacterium phage DarthP	DpdA1	1	#00760e	YP_009951997.1
GCF_002626805.1	Mycobacterium phage DarthP	DpdA2	0	#FFFFFF	
GCF_002626805.1	Mycobacterium phage DarthP	DpdA3	0	#FFFFFF	
GCF_002626805.1	Mycobacterium phage DarthP	DpdA4	0	#FFFFFF	
GCF_002626805.1	Mycobacterium phage DarthP	FolE	0	#FFFFFF	
GCF_002626805.1	Mycobacterium phage DarthP	QueD	0	#FFFFFF	
GCF_002626805.1	Mycobacterium phage DarthP	QueE	0	#FFFFFF	
GCF_002626805.1	Mycobacterium phage DarthP	QueC	0	#FFFFFF	
GCF_002626805.1	Mycobacterium phage DarthP	QueF	0	#FFFFFF	
GCF_002626805.1	Mycobacterium phage DarthP	Gat-QueC	0	#FFFFFF	
GCF_002626805.1	Mycobacterium phage DarthP	ArcS	0	#FFFFFF	
GCF_002626805.1	Mycobacterium phage DarthP	CDGdC	0	#FFFFFF	
GCF_002626805.1	Mycobacterium phage DarthP	PreQ1-met	0	#FFFFFF	
GCF_002626805.1	Mycobacterium phage DarthP	PreQ1-for	0	#FFFFFF	
GCF_002626805.1	Mycobacterium phage DarthP	YhhQ	0	#FFFFFF	
GCF_002626865.1	Mycobacterium phage Findley	DpdA1	1	#00760e	YP_009951128.1
GCF_002626865.1	Mycobacterium phage Findley	DpdA2	0	#FFFFFF	
GCF_002626865.1	Mycobacterium phage Findley	DpdA3	0	#FFFFFF	
GCF_002626865.1	Mycobacterium phage Findley	DpdA4	0	#FFFFFF	
GCF_002626865.1	Mycobacterium phage Findley	FolE	0	#FFFFFF	
GCF_002626865.1	Mycobacterium phage Findley	QueD	0	#FFFFFF	
GCF_002626865.1	Mycobacterium phage Findley	QueE	0	#FFFFFF	
GCF_002626865.1	Mycobacterium phage Findley	QueC	0	#FFFFFF	
GCF_002626865.1	Mycobacterium phage Findley	QueF	0	#FFFFFF	
GCF_002626865.1	Mycobacterium phage Findley	Gat-QueC	0	#FFFFFF	
GCF_002626865.1	Mycobacterium phage Findley	ArcS	0	#FFFFFF	
GCF_002626865.1	Mycobacterium phage Findley	CDGdC	0	#FFFFFF	
GCF_002626865.1	Mycobacterium phage Findley	PreQ1-met	0	#FFFFFF	
GCF_002626865.1	Mycobacterium phage Findley	PreQ1-for	0	#FFFFFF	
GCF_002626865.1	Mycobacterium phage Findley	YhhQ	0	#FFFFFF	
GCF_002627585.1	Mycobacterium phage Bella96	DpdA1	1	#00760e	YP_009952831.1
GCF_002627585.1	Mycobacterium phage Bella96	DpdA2	0	#FFFFFF	
GCF_002627585.1	Mycobacterium phage Bella96	DpdA3	0	#FFFFFF	
GCF_002627585.1	Mycobacterium phage Bella96	DpdA4	0	#FFFFFF	
GCF_002627585.1	Mycobacterium phage Bella96	FolE	0	#FFFFFF	
GCF_002627585.1	Mycobacterium phage Bella96	QueD	0	#FFFFFF	
GCF_002627585.1	Mycobacterium phage Bella96	QueE	0	#FFFFFF	
GCF_002627585.1	Mycobacterium phage Bella96	QueC	0	#FFFFFF	
GCF_002627585.1	Mycobacterium phage Bella96	QueF	0	#FFFFFF	
GCF_002627585.1	Mycobacterium phage Bella96	Gat-QueC	0	#FFFFFF	
GCF_002627585.1	Mycobacterium phage Bella96	ArcS	0	#FFFFFF	
GCF_002627585.1	Mycobacterium phage Bella96	CDGdC	0	#FFFFFF	
GCF_002627585.1	Mycobacterium phage Bella96	PreQ1-met	0	#FFFFFF	
GCF_002627585.1	Mycobacterium phage Bella96	PreQ1-for	0	#FFFFFF	
GCF_002627585.1	Mycobacterium phage Bella96	YhhQ	0	#FFFFFF	
GCF_002758395.1	Mycobacterium phage PG1	DpdA1	1	#00760e	NP_943798.1
GCF_002758395.1	Mycobacterium phage PG1	DpdA2	0	#FFFFFF	
GCF_002758395.1	Mycobacterium phage PG1	DpdA3	0	#FFFFFF	
GCF_002758395.1	Mycobacterium phage PG1	DpdA4	0	#FFFFFF	
GCF_002758395.1	Mycobacterium phage PG1	FolE	0	#FFFFFF	
GCF_002758395.1	Mycobacterium phage PG1	QueD	0	#FFFFFF	
GCF_002758395.1	Mycobacterium phage PG1	QueE	0	#FFFFFF	
GCF_002758395.1	Mycobacterium phage PG1	QueC	0	#FFFFFF	
GCF_002758395.1	Mycobacterium phage PG1	QueF	0	#FFFFFF	
GCF_002758395.1	Mycobacterium phage PG1	Gat-QueC	0	#FFFFFF	
GCF_002758395.1	Mycobacterium phage PG1	ArcS	0	#FFFFFF	
GCF_002758395.1	Mycobacterium phage PG1	CDGdC	0	#FFFFFF	
GCF_002758395.1	Mycobacterium phage PG1	PreQ1-met	0	#FFFFFF	
GCF_002758395.1	Mycobacterium phage PG1	PreQ1-for	0	#FFFFFF	
GCF_002758395.1	Mycobacterium phage PG1	YhhQ	0	#FFFFFF	
GCF_003014335.1	Mycobacterium phage LaterM	DpdA1	1	#00760e	YP_009953336.1
GCF_003014335.1	Mycobacterium phage LaterM	DpdA2	0	#FFFFFF	
GCF_003014335.1	Mycobacterium phage LaterM	DpdA3	0	#FFFFFF	
GCF_003014335.1	Mycobacterium phage LaterM	DpdA4	0	#FFFFFF	
GCF_003014335.1	Mycobacterium phage LaterM	FolE	0	#FFFFFF	
GCF_003014335.1	Mycobacterium phage LaterM	QueD	0	#FFFFFF	
GCF_003014335.1	Mycobacterium phage LaterM	QueE	0	#FFFFFF	
GCF_003014335.1	Mycobacterium phage LaterM	QueC	0	#FFFFFF	
GCF_003014335.1	Mycobacterium phage LaterM	QueF	0	#FFFFFF	
GCF_003014335.1	Mycobacterium phage LaterM	Gat-QueC	0	#FFFFFF	
GCF_003014335.1	Mycobacterium phage LaterM	ArcS	0	#FFFFFF	
GCF_003014335.1	Mycobacterium phage LaterM	CDGdC	0	#FFFFFF	
GCF_003014335.1	Mycobacterium phage LaterM	PreQ1-met	0	#FFFFFF	
GCF_003014335.1	Mycobacterium phage LaterM	PreQ1-for	0	#FFFFFF	
GCF_003014335.1	Mycobacterium phage LaterM	YhhQ	0	#FFFFFF	
GCF_003014365.1	Mycobacterium phage Paola	DpdA1	1	#00760e	YP_009950891.1
GCF_003014365.1	Mycobacterium phage Paola	DpdA2	0	#FFFFFF	
GCF_003014365.1	Mycobacterium phage Paola	DpdA3	0	#FFFFFF	
GCF_003014365.1	Mycobacterium phage Paola	DpdA4	0	#FFFFFF	
GCF_003014365.1	Mycobacterium phage Paola	FolE	0	#FFFFFF	
GCF_003014365.1	Mycobacterium phage Paola	QueD	0	#FFFFFF	
GCF_003014365.1	Mycobacterium phage Paola	QueE	0	#FFFFFF	
GCF_003014365.1	Mycobacterium phage Paola	QueC	0	#FFFFFF	
GCF_003014365.1	Mycobacterium phage Paola	QueF	0	#FFFFFF	
GCF_003014365.1	Mycobacterium phage Paola	Gat-QueC	0	#FFFFFF	
GCF_003014365.1	Mycobacterium phage Paola	ArcS	0	#FFFFFF	
GCF_003014365.1	Mycobacterium phage Paola	CDGdC	0	#FFFFFF	
GCF_003014365.1	Mycobacterium phage Paola	PreQ1-met	0	#FFFFFF	
GCF_003014365.1	Mycobacterium phage Paola	PreQ1-for	0	#FFFFFF	
GCF_003014365.1	Mycobacterium phage Paola	YhhQ	0	#FFFFFF	
GCF_003342475.1	Mycobacterium phage Beezoo	DpdA1	1	#00760e	YP_009952732.1
GCF_003342475.1	Mycobacterium phage Beezoo	DpdA2	0	#FFFFFF	
GCF_003342475.1	Mycobacterium phage Beezoo	DpdA3	0	#FFFFFF	
GCF_003342475.1	Mycobacterium phage Beezoo	DpdA4	0	#FFFFFF	
GCF_003342475.1	Mycobacterium phage Beezoo	FolE	0	#FFFFFF	
GCF_003342475.1	Mycobacterium phage Beezoo	QueD	0	#FFFFFF	
GCF_003342475.1	Mycobacterium phage Beezoo	QueE	0	#FFFFFF	
GCF_003342475.1	Mycobacterium phage Beezoo	QueC	0	#FFFFFF	
GCF_003342475.1	Mycobacterium phage Beezoo	QueF	0	#FFFFFF	
GCF_003342475.1	Mycobacterium phage Beezoo	Gat-QueC	0	#FFFFFF	
GCF_003342475.1	Mycobacterium phage Beezoo	ArcS	0	#FFFFFF	
GCF_003342475.1	Mycobacterium phage Beezoo	CDGdC	0	#FFFFFF	
GCF_003342475.1	Mycobacterium phage Beezoo	PreQ1-met	0	#FFFFFF	
GCF_003342475.1	Mycobacterium phage Beezoo	PreQ1-for	0	#FFFFFF	
GCF_003342475.1	Mycobacterium phage Beezoo	YhhQ	0	#FFFFFF	
GCF_003366395.1	Mycobacterium phage Thyatira	DpdA1	1	#00760e	YP_009951075.1
GCF_003366395.1	Mycobacterium phage Thyatira	DpdA2	0	#FFFFFF	
GCF_003366395.1	Mycobacterium phage Thyatira	DpdA3	0	#FFFFFF	
GCF_003366395.1	Mycobacterium phage Thyatira	DpdA4	0	#FFFFFF	
GCF_003366395.1	Mycobacterium phage Thyatira	FolE	0	#FFFFFF	
GCF_003366395.1	Mycobacterium phage Thyatira	QueD	0	#FFFFFF	
GCF_003366395.1	Mycobacterium phage Thyatira	QueE	0	#FFFFFF	
GCF_003366395.1	Mycobacterium phage Thyatira	QueC	0	#FFFFFF	
GCF_003366395.1	Mycobacterium phage Thyatira	QueF	0	#FFFFFF	
GCF_003366395.1	Mycobacterium phage Thyatira	Gat-QueC	0	#FFFFFF	
GCF_003366395.1	Mycobacterium phage Thyatira	ArcS	0	#FFFFFF	
GCF_003366395.1	Mycobacterium phage Thyatira	CDGdC	0	#FFFFFF	
GCF_003366395.1	Mycobacterium phage Thyatira	PreQ1-met	0	#FFFFFF	
GCF_003366395.1	Mycobacterium phage Thyatira	PreQ1-for	0	#FFFFFF	
GCF_003366395.1	Mycobacterium phage Thyatira	YhhQ	0	#FFFFFF	
GCF_003442675.1	Mycobacterium phage Collard	DpdA1	1	#00760e	YP_009950702.1
GCF_003442675.1	Mycobacterium phage Collard	DpdA2	0	#FFFFFF	
GCF_003442675.1	Mycobacterium phage Collard	DpdA3	0	#FFFFFF	
GCF_003442675.1	Mycobacterium phage Collard	DpdA4	0	#FFFFFF	
GCF_003442675.1	Mycobacterium phage Collard	FolE	0	#FFFFFF	
GCF_003442675.1	Mycobacterium phage Collard	QueD	0	#FFFFFF	
GCF_003442675.1	Mycobacterium phage Collard	QueE	0	#FFFFFF	
GCF_003442675.1	Mycobacterium phage Collard	QueC	0	#FFFFFF	
GCF_003442675.1	Mycobacterium phage Collard	QueF	0	#FFFFFF	
GCF_003442675.1	Mycobacterium phage Collard	Gat-QueC	0	#FFFFFF	
GCF_003442675.1	Mycobacterium phage Collard	ArcS	0	#FFFFFF	
GCF_003442675.1	Mycobacterium phage Collard	CDGdC	0	#FFFFFF	
GCF_003442675.1	Mycobacterium phage Collard	PreQ1-met	0	#FFFFFF	
GCF_003442675.1	Mycobacterium phage Collard	PreQ1-for	0	#FFFFFF	
GCF_003442675.1	Mycobacterium phage Collard	YhhQ	0	#FFFFFF	
GCF_003722775.1	Mycobacterium phage Prithvi	DpdA1	1	#00760e	YP_009953826.1
GCF_003722775.1	Mycobacterium phage Prithvi	DpdA2	0	#FFFFFF	
GCF_003722775.1	Mycobacterium phage Prithvi	DpdA3	0	#FFFFFF	
GCF_003722775.1	Mycobacterium phage Prithvi	DpdA4	0	#FFFFFF	
GCF_003722775.1	Mycobacterium phage Prithvi	FolE	0	#FFFFFF	
GCF_003722775.1	Mycobacterium phage Prithvi	QueD	0	#FFFFFF	
GCF_003722775.1	Mycobacterium phage Prithvi	QueE	0	#FFFFFF	
GCF_003722775.1	Mycobacterium phage Prithvi	QueC	0	#FFFFFF	
GCF_003722775.1	Mycobacterium phage Prithvi	QueF	0	#FFFFFF	
GCF_003722775.1	Mycobacterium phage Prithvi	Gat-QueC	0	#FFFFFF	
GCF_003722775.1	Mycobacterium phage Prithvi	ArcS	0	#FFFFFF	
GCF_003722775.1	Mycobacterium phage Prithvi	CDGdC	0	#FFFFFF	
GCF_003722775.1	Mycobacterium phage Prithvi	PreQ1-met	0	#FFFFFF	
GCF_003722775.1	Mycobacterium phage Prithvi	PreQ1-for	0	#FFFFFF	
GCF_003722775.1	Mycobacterium phage Prithvi	YhhQ	0	#FFFFFF	
GCF_004139015.1	Mycobacterium phage KiSi	DpdA1	1	#00760e	YP_009953135.1
GCF_004139015.1	Mycobacterium phage KiSi	DpdA2	0	#FFFFFF	
GCF_004139015.1	Mycobacterium phage KiSi	DpdA3	0	#FFFFFF	
GCF_004139015.1	Mycobacterium phage KiSi	DpdA4	0	#FFFFFF	
GCF_004139015.1	Mycobacterium phage KiSi	FolE	0	#FFFFFF	
GCF_004139015.1	Mycobacterium phage KiSi	QueD	0	#FFFFFF	
GCF_004139015.1	Mycobacterium phage KiSi	QueE	0	#FFFFFF	
GCF_004139015.1	Mycobacterium phage KiSi	QueC	0	#FFFFFF	
GCF_004139015.1	Mycobacterium phage KiSi	QueF	0	#FFFFFF	
GCF_004139015.1	Mycobacterium phage KiSi	Gat-QueC	0	#FFFFFF	
GCF_004139015.1	Mycobacterium phage KiSi	ArcS	0	#FFFFFF	
GCF_004139015.1	Mycobacterium phage KiSi	CDGdC	0	#FFFFFF	
GCF_004139015.1	Mycobacterium phage KiSi	PreQ1-met	0	#FFFFFF	
GCF_004139015.1	Mycobacterium phage KiSi	PreQ1-for	0	#FFFFFF	
GCF_004139015.1	Mycobacterium phage KiSi	YhhQ	0	#FFFFFF	
GCF_004148025.1	Mycobacterium phage Nibb	DpdA1	1	#00760e	YP_009953630.1
GCF_004148025.1	Mycobacterium phage Nibb	DpdA2	0	#FFFFFF	
GCF_004148025.1	Mycobacterium phage Nibb	DpdA3	0	#FFFFFF	
GCF_004148025.1	Mycobacterium phage Nibb	DpdA4	0	#FFFFFF	
GCF_004148025.1	Mycobacterium phage Nibb	FolE	0	#FFFFFF	
GCF_004148025.1	Mycobacterium phage Nibb	QueD	0	#FFFFFF	
GCF_004148025.1	Mycobacterium phage Nibb	QueE	0	#FFFFFF	
GCF_004148025.1	Mycobacterium phage Nibb	QueC	0	#FFFFFF	
GCF_004148025.1	Mycobacterium phage Nibb	QueF	0	#FFFFFF	
GCF_004148025.1	Mycobacterium phage Nibb	Gat-QueC	0	#FFFFFF	
GCF_004148025.1	Mycobacterium phage Nibb	ArcS	0	#FFFFFF	
GCF_004148025.1	Mycobacterium phage Nibb	CDGdC	0	#FFFFFF	
GCF_004148025.1	Mycobacterium phage Nibb	PreQ1-met	0	#FFFFFF	
GCF_004148025.1	Mycobacterium phage Nibb	PreQ1-for	0	#FFFFFF	
GCF_004148025.1	Mycobacterium phage Nibb	YhhQ	0	#FFFFFF	
GCF_004520755.1	Mycobacterium Phage Niklas	DpdA1	1	#00760e	YP_009953731.1
GCF_004520755.1	Mycobacterium Phage Niklas	DpdA2	0	#FFFFFF	
GCF_004520755.1	Mycobacterium Phage Niklas	DpdA3	0	#FFFFFF	
GCF_004520755.1	Mycobacterium Phage Niklas	DpdA4	0	#FFFFFF	
GCF_004520755.1	Mycobacterium Phage Niklas	FolE	0	#FFFFFF	
GCF_004520755.1	Mycobacterium Phage Niklas	QueD	0	#FFFFFF	
GCF_004520755.1	Mycobacterium Phage Niklas	QueE	0	#FFFFFF	
GCF_004520755.1	Mycobacterium Phage Niklas	QueC	0	#FFFFFF	
GCF_004520755.1	Mycobacterium Phage Niklas	QueF	0	#FFFFFF	
GCF_004520755.1	Mycobacterium Phage Niklas	Gat-QueC	0	#FFFFFF	
GCF_004520755.1	Mycobacterium Phage Niklas	ArcS	0	#FFFFFF	
GCF_004520755.1	Mycobacterium Phage Niklas	CDGdC	0	#FFFFFF	
GCF_004520755.1	Mycobacterium Phage Niklas	PreQ1-met	0	#FFFFFF	
GCF_004520755.1	Mycobacterium Phage Niklas	PreQ1-for	0	#FFFFFF	
GCF_004520755.1	Mycobacterium Phage Niklas	YhhQ	0	#FFFFFF	
GCF_008939385.1	Mycobacterium phage Yuna	DpdA1	1	#00760e	YP_009954122.1
GCF_008939385.1	Mycobacterium phage Yuna	DpdA2	0	#FFFFFF	
GCF_008939385.1	Mycobacterium phage Yuna	DpdA3	0	#FFFFFF	
GCF_008939385.1	Mycobacterium phage Yuna	DpdA4	0	#FFFFFF	
GCF_008939385.1	Mycobacterium phage Yuna	FolE	0	#FFFFFF	
GCF_008939385.1	Mycobacterium phage Yuna	QueD	0	#FFFFFF	
GCF_008939385.1	Mycobacterium phage Yuna	QueE	0	#FFFFFF	
GCF_008939385.1	Mycobacterium phage Yuna	QueC	0	#FFFFFF	
GCF_008939385.1	Mycobacterium phage Yuna	QueF	0	#FFFFFF	
GCF_008939385.1	Mycobacterium phage Yuna	Gat-QueC	0	#FFFFFF	
GCF_008939385.1	Mycobacterium phage Yuna	ArcS	0	#FFFFFF	
GCF_008939385.1	Mycobacterium phage Yuna	CDGdC	0	#FFFFFF	
GCF_008939385.1	Mycobacterium phage Yuna	PreQ1-met	0	#FFFFFF	
GCF_008939385.1	Mycobacterium phage Yuna	PreQ1-for	0	#FFFFFF	
GCF_008939385.1	Mycobacterium phage Yuna	YhhQ	0	#FFFFFF	
GCF_008939825.1	Mycobacterium phage Zavala	DpdA1	1	#00760e	YP_009954317.1
GCF_008939825.1	Mycobacterium phage Zavala	DpdA2	0	#FFFFFF	
GCF_008939825.1	Mycobacterium phage Zavala	DpdA3	0	#FFFFFF	
GCF_008939825.1	Mycobacterium phage Zavala	DpdA4	0	#FFFFFF	
GCF_008939825.1	Mycobacterium phage Zavala	FolE	0	#FFFFFF	
GCF_008939825.1	Mycobacterium phage Zavala	QueD	0	#FFFFFF	
GCF_008939825.1	Mycobacterium phage Zavala	QueE	0	#FFFFFF	
GCF_008939825.1	Mycobacterium phage Zavala	QueC	0	#FFFFFF	
GCF_008939825.1	Mycobacterium phage Zavala	QueF	0	#FFFFFF	
GCF_008939825.1	Mycobacterium phage Zavala	Gat-QueC	0	#FFFFFF	
GCF_008939825.1	Mycobacterium phage Zavala	ArcS	0	#FFFFFF	
GCF_008939825.1	Mycobacterium phage Zavala	CDGdC	0	#FFFFFF	
GCF_008939825.1	Mycobacterium phage Zavala	PreQ1-met	0	#FFFFFF	
GCF_008939825.1	Mycobacterium phage Zavala	PreQ1-for	0	#FFFFFF	
GCF_008939825.1	Mycobacterium phage Zavala	YhhQ	0	#FFFFFF	
GCF_008939845.1	Mycobacterium phage Ekdilam	DpdA1	1	#00760e	YP_009952090.1
GCF_008939845.1	Mycobacterium phage Ekdilam	DpdA2	0	#FFFFFF	
GCF_008939845.1	Mycobacterium phage Ekdilam	DpdA3	0	#FFFFFF	
GCF_008939845.1	Mycobacterium phage Ekdilam	DpdA4	0	#FFFFFF	
GCF_008939845.1	Mycobacterium phage Ekdilam	FolE	0	#FFFFFF	
GCF_008939845.1	Mycobacterium phage Ekdilam	QueD	0	#FFFFFF	
GCF_008939845.1	Mycobacterium phage Ekdilam	QueE	0	#FFFFFF	
GCF_008939845.1	Mycobacterium phage Ekdilam	QueC	0	#FFFFFF	
GCF_008939845.1	Mycobacterium phage Ekdilam	QueF	0	#FFFFFF	
GCF_008939845.1	Mycobacterium phage Ekdilam	Gat-QueC	0	#FFFFFF	
GCF_008939845.1	Mycobacterium phage Ekdilam	ArcS	0	#FFFFFF	
GCF_008939845.1	Mycobacterium phage Ekdilam	CDGdC	0	#FFFFFF	
GCF_008939845.1	Mycobacterium phage Ekdilam	PreQ1-met	0	#FFFFFF	
GCF_008939845.1	Mycobacterium phage Ekdilam	PreQ1-for	0	#FFFFFF	
GCF_008939845.1	Mycobacterium phage Ekdilam	YhhQ	0	#FFFFFF	
GCF_009186385.1	Mycobacterium phage Marshawn	DpdA1	1	#00760e	YP_009953536.1
GCF_009186385.1	Mycobacterium phage Marshawn	DpdA2	0	#FFFFFF	
GCF_009186385.1	Mycobacterium phage Marshawn	DpdA3	0	#FFFFFF	
GCF_009186385.1	Mycobacterium phage Marshawn	DpdA4	0	#FFFFFF	
GCF_009186385.1	Mycobacterium phage Marshawn	FolE	0	#FFFFFF	
GCF_009186385.1	Mycobacterium phage Marshawn	QueD	0	#FFFFFF	
GCF_009186385.1	Mycobacterium phage Marshawn	QueE	0	#FFFFFF	
GCF_009186385.1	Mycobacterium phage Marshawn	QueC	0	#FFFFFF	
GCF_009186385.1	Mycobacterium phage Marshawn	QueF	0	#FFFFFF	
GCF_009186385.1	Mycobacterium phage Marshawn	Gat-QueC	0	#FFFFFF	
GCF_009186385.1	Mycobacterium phage Marshawn	ArcS	0	#FFFFFF	
GCF_009186385.1	Mycobacterium phage Marshawn	CDGdC	0	#FFFFFF	
GCF_009186385.1	Mycobacterium phage Marshawn	PreQ1-met	0	#FFFFFF	
GCF_009186385.1	Mycobacterium phage Marshawn	PreQ1-for	0	#FFFFFF	
GCF_009186385.1	Mycobacterium phage Marshawn	YhhQ	0	#FFFFFF	
GCF_012934025.1	Mycobacterium phage MarkPhew	DpdA1	1	#00760e	YP_009953434.1
GCF_012934025.1	Mycobacterium phage MarkPhew	DpdA2	0	#FFFFFF	
GCF_012934025.1	Mycobacterium phage MarkPhew	DpdA3	0	#FFFFFF	
GCF_012934025.1	Mycobacterium phage MarkPhew	DpdA4	0	#FFFFFF	
GCF_012934025.1	Mycobacterium phage MarkPhew	FolE	0	#FFFFFF	
GCF_012934025.1	Mycobacterium phage MarkPhew	QueD	0	#FFFFFF	
GCF_012934025.1	Mycobacterium phage MarkPhew	QueE	0	#FFFFFF	
GCF_012934025.1	Mycobacterium phage MarkPhew	QueC	0	#FFFFFF	
GCF_012934025.1	Mycobacterium phage MarkPhew	QueF	0	#FFFFFF	
GCF_012934025.1	Mycobacterium phage MarkPhew	Gat-QueC	0	#FFFFFF	
GCF_012934025.1	Mycobacterium phage MarkPhew	ArcS	0	#FFFFFF	
GCF_012934025.1	Mycobacterium phage MarkPhew	CDGdC	0	#FFFFFF	
GCF_012934025.1	Mycobacterium phage MarkPhew	PreQ1-met	0	#FFFFFF	
GCF_012934025.1	Mycobacterium phage MarkPhew	PreQ1-for	0	#FFFFFF	
GCF_012934025.1	Mycobacterium phage MarkPhew	YhhQ	0	#FFFFFF	
GCF_012934035.1	Mycobacterium phage Chris	DpdA1	1	#00760e	YP_009952930.1
GCF_012934035.1	Mycobacterium phage Chris	DpdA2	0	#FFFFFF	
GCF_012934035.1	Mycobacterium phage Chris	DpdA3	0	#FFFFFF	
GCF_012934035.1	Mycobacterium phage Chris	DpdA4	0	#FFFFFF	
GCF_012934035.1	Mycobacterium phage Chris	FolE	0	#FFFFFF	
GCF_012934035.1	Mycobacterium phage Chris	QueD	0	#FFFFFF	
GCF_012934035.1	Mycobacterium phage Chris	QueE	0	#FFFFFF	
GCF_012934035.1	Mycobacterium phage Chris	QueC	0	#FFFFFF	
GCF_012934035.1	Mycobacterium phage Chris	QueF	0	#FFFFFF	
GCF_012934035.1	Mycobacterium phage Chris	Gat-QueC	0	#FFFFFF	
GCF_012934035.1	Mycobacterium phage Chris	ArcS	0	#FFFFFF	
GCF_012934035.1	Mycobacterium phage Chris	CDGdC	0	#FFFFFF	
GCF_012934035.1	Mycobacterium phage Chris	PreQ1-met	0	#FFFFFF	
GCF_012934035.1	Mycobacterium phage Chris	PreQ1-for	0	#FFFFFF	
GCF_012934035.1	Mycobacterium phage Chris	YhhQ	0	#FFFFFF	
GCF_014337815.1	Mycobacterium phage Ellie	DpdA1	1	#00760e	YP_009952182.1
GCF_014337815.1	Mycobacterium phage Ellie	DpdA2	0	#FFFFFF	
GCF_014337815.1	Mycobacterium phage Ellie	DpdA3	0	#FFFFFF	
GCF_014337815.1	Mycobacterium phage Ellie	DpdA4	0	#FFFFFF	
GCF_014337815.1	Mycobacterium phage Ellie	FolE	0	#FFFFFF	
GCF_014337815.1	Mycobacterium phage Ellie	QueD	0	#FFFFFF	
GCF_014337815.1	Mycobacterium phage Ellie	QueE	0	#FFFFFF	
GCF_014337815.1	Mycobacterium phage Ellie	QueC	0	#FFFFFF	
GCF_014337815.1	Mycobacterium phage Ellie	QueF	0	#FFFFFF	
GCF_014337815.1	Mycobacterium phage Ellie	Gat-QueC	0	#FFFFFF	
GCF_014337815.1	Mycobacterium phage Ellie	ArcS	0	#FFFFFF	
GCF_014337815.1	Mycobacterium phage Ellie	CDGdC	0	#FFFFFF	
GCF_014337815.1	Mycobacterium phage Ellie	PreQ1-met	0	#FFFFFF	
GCF_014337815.1	Mycobacterium phage Ellie	PreQ1-for	0	#FFFFFF	
GCF_014337815.1	Mycobacterium phage Ellie	YhhQ	0	#FFFFFF	
GCF_000918695.1	Rhodococcus phage ReqiPine5	DpdA1	0	#FFFFFF	
GCF_000918695.1	Rhodococcus phage ReqiPine5	DpdA2	0	#FFFFFF	
GCF_000918695.1	Rhodococcus phage ReqiPine5	DpdA3	0	#FFFFFF	
GCF_000918695.1	Rhodococcus phage ReqiPine5	DpdA4	0	#FFFFFF	
GCF_000918695.1	Rhodococcus phage ReqiPine5	FolE	0	#FFFFFF	
GCF_000918695.1	Rhodococcus phage ReqiPine5	QueD	0	#FFFFFF	
GCF_000918695.1	Rhodococcus phage ReqiPine5	QueE	0	#FFFFFF	
GCF_000918695.1	Rhodococcus phage ReqiPine5	QueC	0	#FFFFFF	
GCF_000918695.1	Rhodococcus phage ReqiPine5	QueF	0	#FFFFFF	
GCF_000918695.1	Rhodococcus phage ReqiPine5	Gat-QueC	0	#FFFFFF	
GCF_000918695.1	Rhodococcus phage ReqiPine5	ArcS	0	#FFFFFF	
GCF_000918695.1	Rhodococcus phage ReqiPine5	CDGdC	0	#FFFFFF	
GCF_000918695.1	Rhodococcus phage ReqiPine5	PreQ1-met	0	#FFFFFF	
GCF_000918695.1	Rhodococcus phage ReqiPine5	PreQ1-for	0	#FFFFFF	
GCF_000918695.1	Rhodococcus phage ReqiPine5	YhhQ	1	#000000	YP_009016185.1
GCF_002625925.1	Mycobacterium phage Ksquared	DpdA1	0	#FFFFFF	
GCF_002625925.1	Mycobacterium phage Ksquared	DpdA2	0	#FFFFFF	
GCF_002625925.1	Mycobacterium phage Ksquared	DpdA3	0	#FFFFFF	
GCF_002625925.1	Mycobacterium phage Ksquared	DpdA4	0	#FFFFFF	
GCF_002625925.1	Mycobacterium phage Ksquared	FolE	0	#FFFFFF	
GCF_002625925.1	Mycobacterium phage Ksquared	QueD	0	#FFFFFF	
GCF_002625925.1	Mycobacterium phage Ksquared	QueE	0	#FFFFFF	
GCF_002625925.1	Mycobacterium phage Ksquared	QueC	0	#FFFFFF	
GCF_002625925.1	Mycobacterium phage Ksquared	QueF	0	#FFFFFF	
GCF_002625925.1	Mycobacterium phage Ksquared	Gat-QueC	0	#FFFFFF	
GCF_002625925.1	Mycobacterium phage Ksquared	ArcS	0	#FFFFFF	
GCF_002625925.1	Mycobacterium phage Ksquared	CDGdC	0	#FFFFFF	
GCF_002625925.1	Mycobacterium phage Ksquared	PreQ1-met	0	#FFFFFF	
GCF_002625925.1	Mycobacterium phage Ksquared	PreQ1-for	0	#FFFFFF	
GCF_002625925.1	Mycobacterium phage Ksquared	YhhQ	1	#000000	YP_009964621.1
GCF_002628725.1	Mycobacterium phage Majeke	DpdA1	0	#FFFFFF	
GCF_002628725.1	Mycobacterium phage Majeke	DpdA2	0	#FFFFFF	
GCF_002628725.1	Mycobacterium phage Majeke	DpdA3	0	#FFFFFF	
GCF_002628725.1	Mycobacterium phage Majeke	DpdA4	0	#FFFFFF	
GCF_002628725.1	Mycobacterium phage Majeke	FolE	0	#FFFFFF	
GCF_002628725.1	Mycobacterium phage Majeke	QueD	0	#FFFFFF	
GCF_002628725.1	Mycobacterium phage Majeke	QueE	0	#FFFFFF	
GCF_002628725.1	Mycobacterium phage Majeke	QueC	0	#FFFFFF	
GCF_002628725.1	Mycobacterium phage Majeke	QueF	0	#FFFFFF	
GCF_002628725.1	Mycobacterium phage Majeke	Gat-QueC	0	#FFFFFF	
GCF_002628725.1	Mycobacterium phage Majeke	ArcS	0	#FFFFFF	
GCF_002628725.1	Mycobacterium phage Majeke	CDGdC	0	#FFFFFF	
GCF_002628725.1	Mycobacterium phage Majeke	PreQ1-met	0	#FFFFFF	
GCF_002628725.1	Mycobacterium phage Majeke	PreQ1-for	0	#FFFFFF	
GCF_002628725.1	Mycobacterium phage Majeke	YhhQ	1	#000000	YP_009965015.1
GCF_002744315.1	Mycobacterium phage Arib1	DpdA1	0	#FFFFFF	
GCF_002744315.1	Mycobacterium phage Arib1	DpdA2	0	#FFFFFF	
GCF_002744315.1	Mycobacterium phage Arib1	DpdA3	0	#FFFFFF	
GCF_002744315.1	Mycobacterium phage Arib1	DpdA4	0	#FFFFFF	
GCF_002744315.1	Mycobacterium phage Arib1	FolE	0	#FFFFFF	
GCF_002744315.1	Mycobacterium phage Arib1	QueD	0	#FFFFFF	
GCF_002744315.1	Mycobacterium phage Arib1	QueE	0	#FFFFFF	
GCF_002744315.1	Mycobacterium phage Arib1	QueC	0	#FFFFFF	
GCF_002744315.1	Mycobacterium phage Arib1	QueF	0	#FFFFFF	
GCF_002744315.1	Mycobacterium phage Arib1	Gat-QueC	0	#FFFFFF	
GCF_002744315.1	Mycobacterium phage Arib1	ArcS	0	#FFFFFF	
GCF_002744315.1	Mycobacterium phage Arib1	CDGdC	0	#FFFFFF	
GCF_002744315.1	Mycobacterium phage Arib1	PreQ1-met	0	#FFFFFF	
GCF_002744315.1	Mycobacterium phage Arib1	PreQ1-for	0	#FFFFFF	
GCF_002744315.1	Mycobacterium phage Arib1	YhhQ	1	#000000	YP_009964937.1
GCF_004520815.1	Mycobacterium phage GreaseLightnin	DpdA1	0	#FFFFFF	
GCF_004520815.1	Mycobacterium phage GreaseLightnin	DpdA2	0	#FFFFFF	
GCF_004520815.1	Mycobacterium phage GreaseLightnin	DpdA3	0	#FFFFFF	
GCF_004520815.1	Mycobacterium phage GreaseLightnin	DpdA4	0	#FFFFFF	
GCF_004520815.1	Mycobacterium phage GreaseLightnin	FolE	0	#FFFFFF	
GCF_004520815.1	Mycobacterium phage GreaseLightnin	QueD	0	#FFFFFF	
GCF_004520815.1	Mycobacterium phage GreaseLightnin	QueE	0	#FFFFFF	
GCF_004520815.1	Mycobacterium phage GreaseLightnin	QueC	0	#FFFFFF	
GCF_004520815.1	Mycobacterium phage GreaseLightnin	QueF	0	#FFFFFF	
GCF_004520815.1	Mycobacterium phage GreaseLightnin	Gat-QueC	0	#FFFFFF	
GCF_004520815.1	Mycobacterium phage GreaseLightnin	ArcS	0	#FFFFFF	
GCF_004520815.1	Mycobacterium phage GreaseLightnin	CDGdC	0	#FFFFFF	
GCF_004520815.1	Mycobacterium phage GreaseLightnin	PreQ1-met	0	#FFFFFF	
GCF_004520815.1	Mycobacterium phage GreaseLightnin	PreQ1-for	0	#FFFFFF	
GCF_004520815.1	Mycobacterium phage GreaseLightnin	YhhQ	1	#000000	YP_009964542.1
